campaign_id,campaign_name,account_id,date,spend,impressions,inline_link_clicks
1001,Brand Awareness Q4,101,2024-09-01,61.25,5506,175
1001,Brand Awareness Q4,101,2024-09-02,381.41,9935,94
1001,Brand Awareness Q4,101,2024-09-03,64.3,2535,161
1001,Brand Awareness Q4,101,2024-09-04,320.91,4257,416
1001,Brand Awareness Q4,101,2024-09-05,295.22,4611,279
1001,Brand Awareness Q4,101,2024-09-06,414.24,1106,438
1001,Brand Awareness Q4,101,2024-09-07,364.16,6574,192
1001,Brand Awareness Q4,101,2024-09-08,480.75,6514,102
1001,Brand Awareness Q4,101,2024-09-09,93.52,6635,359
1001,Brand Awareness Q4,101,2024-09-10,69.55,8527,324
1001,Brand Awareness Q4,101,2024-09-11,465.03,2291,332
1001,Brand Awareness Q4,101,2024-09-12,332.89,6925,345
1001,Brand Awareness Q4,101,2024-09-13,81.3,4733,445
1001,Brand Awareness Q4,101,2024-09-14,85.91,4814,493
1001,Brand Awareness Q4,101,2024-09-15,175.09,6977,133
1001,Brand Awareness Q4,101,2024-09-16,144.28,5374,409
1001,Brand Awareness Q4,101,2024-09-18,324.11,3803,323
1001,Brand Awareness Q4,101,2024-09-19,123.53,7216,188
1001,Brand Awareness Q4,101,2024-09-21,300.63,6313,481
1001,Brand Awareness Q4,101,2024-09-22,75.17,1525,462
1001,Brand Awareness Q4,101,2024-09-23,170.48,4456,340
1001,Brand Awareness Q4,101,2024-09-25,344.95,7482,379
1001,Brand Awareness Q4,101,2024-09-26,169.2,5040,431
1001,Brand Awareness Q4,101,2024-09-27,168.23,8019,348
1001,Brand Awareness Q4,101,2024-09-28,148.69,3266,310
1001,Brand Awareness Q4,101,2024-09-29,390.1,2796,128
1001,Brand Awareness Q4,101,2024-09-30,406.44,7916,355
1001,Brand Awareness Q4,101,2024-10-01,221.73,8668,320
1001,Brand Awareness Q4,101,2024-10-02,298.95,1188,398
1001,Brand Awareness Q4,101,2024-10-03,356.77,9797,434
1001,Brand Awareness Q4,101,2024-10-04,338.43,2827,200
1001,Brand Awareness Q4,101,2024-10-05,254.18,5315,306
1001,Brand Awareness Q4,101,2024-10-06,278.46,2743,495
1001,Brand Awareness Q4,101,2024-10-07,428.75,9317,361
1001,Brand Awareness Q4,101,2024-10-08,218.26,3646,326
1001,Brand Awareness Q4,101,2024-10-12,269.87,2832,235
1001,Brand Awareness Q4,101,2024-10-14,188.38,1949,173
1001,Brand Awareness Q4,101,2024-10-17,268.7,2133,439
1001,Brand Awareness Q4,101,2024-10-18,106.59,8787,331
1001,Brand Awareness Q4,101,2024-10-19,287.45,7932,158
1001,Brand Awareness Q4,101,2024-10-21,360.44,6107,254
1001,Brand Awareness Q4,101,2024-10-23,247.15,9479,281
1001,Brand Awareness Q4,101,2024-10-24,151.11,6539,60
1001,Brand Awareness Q4,101,2024-10-25,153.55,4608,53
1001,Brand Awareness Q4,101,2024-10-26,334.0,4750,84
1001,Brand Awareness Q4,101,2024-10-29,157.1,8953,159
1001,Brand Awareness Q4,101,2024-10-30,375.51,8744,174
1002,Lead Generation | DE | Form,101,2024-09-01,413.37,4119,98
1002,Lead Generation | DE | Form,101,2024-09-02,243.97,7939,260
1002,Lead Generation | DE | Form,101,2024-09-03,378.08,2612,81
1002,Lead Generation | DE | Form,101,2024-09-04,202.69,2790,177
1002,Lead Generation | DE | Form,101,2024-09-05,291.33,3296,266
1002,Lead Generation | DE | Form,101,2024-09-06,258.18,2235,276
1002,Lead Generation | DE | Form,101,2024-09-07,435.19,2604,75
1002,Lead Generation | DE | Form,101,2024-09-08,293.26,1241,97
1002,Lead Generation | DE | Form,101,2024-09-10,124.84,8956,296
1002,Lead Generation | DE | Form,101,2024-09-11,230.47,1960,134
1002,Lead Generation | DE | Form,101,2024-09-12,493.39,5345,451
1002,Lead Generation | DE | Form,101,2024-09-13,178.36,8973,129
1002,Lead Generation | DE | Form,101,2024-09-14,147.97,1958,346
1002,Lead Generation | DE | Form,101,2024-09-15,77.43,6138,79
1002,Lead Generation | DE | Form,101,2024-09-16,264.55,9701,130
1002,Lead Generation | DE | Form,101,2024-09-17,278.52,4044,85
1002,Lead Generation | DE | Form,101,2024-09-18,353.85,4853,256
1002,Lead Generation | DE | Form,101,2024-09-19,450.63,5033,346
1002,Lead Generation | DE | Form,101,2024-09-20,328.72,7868,386
1002,Lead Generation | DE | Form,101,2024-09-21,285.25,5272,154
1002,Lead Generation | DE | Form,101,2024-09-22,191.38,5351,252
1002,Lead Generation | DE | Form,101,2024-09-23,340.48,8491,211
1002,Lead Generation | DE | Form,101,2024-09-26,329.52,2638,87
1002,Lead Generation | DE | Form,101,2024-09-27,277.65,3170,228
1002,Lead Generation | DE | Form,101,2024-09-30,120.99,9900,410
1002,Lead Generation | DE | Form,101,2024-10-01,492.73,9666,54
1002,Lead Generation | DE | Form,101,2024-10-02,299.57,2697,499
1002,Lead Generation | DE | Form,101,2024-10-03,101.94,2753,430
1002,Lead Generation | DE | Form,101,2024-10-04,172.56,4450,417
1002,Lead Generation | DE | Form,101,2024-10-05,359.37,5325,308
1002,Lead Generation | DE | Form,101,2024-10-06,457.4,1832,97
1002,Lead Generation | DE | Form,101,2024-10-07,423.21,1722,51
1002,Lead Generation | DE | Form,101,2024-10-08,108.87,5291,132
1002,Lead Generation | DE | Form,101,2024-10-09,298.26,8007,337
1002,Lead Generation | DE | Form,101,2024-10-10,83.86,3442,329
1002,Lead Generation | DE | Form,101,2024-10-11,216.15,3426,270
1002,Lead Generation | DE | Form,101,2024-10-12,188.72,1653,233
1002,Lead Generation | DE | Form,101,2024-10-13,162.29,2684,231
1002,Lead Generation | DE | Form,101,2024-10-14,447.86,7658,367
1002,Lead Generation | DE | Form,101,2024-10-15,466.59,4878,492
1002,Lead Generation | DE | Form,101,2024-10-16,409.95,3900,261
1002,Lead Generation | DE | Form,101,2024-10-17,381.45,6442,450
1002,Lead Generation | DE | Form,101,2024-10-19,438.83,5065,186
1002,Lead Generation | DE | Form,101,2024-10-20,365.58,7267,496
1002,Lead Generation | DE | Form,101,2024-10-21,261.81,4269,468
1002,Lead Generation | DE | Form,101,2024-10-23,419.24,4728,164
1002,Lead Generation | DE | Form,101,2024-10-24,136.91,6378,192
1002,Lead Generation | DE | Form,101,2024-10-27,338.67,7548,397
1002,Lead Generation | DE | Form,101,2024-10-29,472.66,2889,499
1003,Retargeting Campaign,101,2024-09-01,483.14,5349,69
1003,Retargeting Campaign,101,2024-09-02,245.55,6139,273
1003,Retargeting Campaign,101,2024-09-03,280.14,7311,345
1003,Retargeting Campaign,101,2024-09-04,69.97,8144,50
1003,Retargeting Campaign,101,2024-09-05,412.93,4228,236
1003,Retargeting Campaign,101,2024-09-06,476.99,6409,369
1003,Retargeting Campaign,101,2024-09-07,431.61,5920,309
1003,Retargeting Campaign,101,2024-09-08,233.78,7592,406
1003,Retargeting Campaign,101,2024-09-09,107.28,7888,390
1003,Retargeting Campaign,101,2024-09-11,456.26,5930,257
1003,Retargeting Campaign,101,2024-09-12,50.18,5700,157
1003,Retargeting Campaign,101,2024-09-13,310.99,6279,288
1003,Retargeting Campaign,101,2024-09-14,354.03,9375,292
1003,Retargeting Campaign,101,2024-09-15,481.92,3780,387
1003,Retargeting Campaign,101,2024-09-16,281.95,6491,97
1003,Retargeting Campaign,101,2024-09-17,388.01,6085,165
1003,Retargeting Campaign,101,2024-09-18,116.31,1757,175
1003,Retargeting Campaign,101,2024-09-20,395.82,8461,262
1003,Retargeting Campaign,101,2024-09-22,373.26,7291,303
1003,Retargeting Campaign,101,2024-09-23,116.41,1090,434
1003,Retargeting Campaign,101,2024-09-26,148.48,9486,287
1003,Retargeting Campaign,101,2024-09-27,162.14,2988,283
1003,Retargeting Campaign,101,2024-09-28,259.09,9702,336
1003,Retargeting Campaign,101,2024-09-29,477.52,8251,363
1003,Retargeting Campaign,101,2024-09-30,451.41,7991,475
1003,Retargeting Campaign,101,2024-10-02,121.62,8777,280
1003,Retargeting Campaign,101,2024-10-03,161.26,5543,442
1003,Retargeting Campaign,101,2024-10-04,268.07,4919,190
1003,Retargeting Campaign,101,2024-10-05,371.1,4841,189
1003,Retargeting Campaign,101,2024-10-06,451.86,2320,120
1003,Retargeting Campaign,101,2024-10-07,222.37,3503,411
1003,Retargeting Campaign,101,2024-10-08,236.69,6421,327
1003,Retargeting Campaign,101,2024-10-09,78.02,7883,249
1003,Retargeting Campaign,101,2024-10-11,362.99,7232,294
1003,Retargeting Campaign,101,2024-10-12,208.29,7389,486
1003,Retargeting Campaign,101,2024-10-14,292.2,9947,459
1003,Retargeting Campaign,101,2024-10-15,149.24,4595,189
1003,Retargeting Campaign,101,2024-10-16,63.06,6507,392
1003,Retargeting Campaign,101,2024-10-17,231.94,3704,480
1003,Retargeting Campaign,101,2024-10-18,107.43,9751,63
1003,Retargeting Campaign,101,2024-10-20,348.35,2375,379
1003,Retargeting Campaign,101,2024-10-21,440.08,3977,75
1003,Retargeting Campaign,101,2024-10-22,197.31,8449,217
1003,Retargeting Campaign,101,2024-10-23,445.84,5558,435
1003,Retargeting Campaign,101,2024-10-25,425.71,8705,59
1003,Retargeting Campaign,101,2024-10-26,73.44,6733,164
1003,Retargeting Campaign,101,2024-10-27,401.55,1659,436
1003,Retargeting Campaign,101,2024-10-28,161.28,1333,368
1003,Retargeting Campaign,101,2024-10-29,106.8,2874,338
1004,Product Launch 2024,101,2024-09-01,165.31,7043,135
1004,Product Launch 2024,101,2024-09-02,483.68,2876,448
1004,Product Launch 2024,101,2024-09-03,484.12,2771,346
1004,Product Launch 2024,101,2024-09-04,190.38,7149,253
1004,Product Launch 2024,101,2024-09-06,316.44,4978,102
1004,Product Launch 2024,101,2024-09-07,185.71,2983,457
1004,Product Launch 2024,101,2024-09-09,206.24,8018,388
1004,Product Launch 2024,101,2024-09-10,277.68,6590,56
1004,Product Launch 2024,101,2024-09-11,420.05,2729,271
1004,Product Launch 2024,101,2024-09-13,422.92,3506,272
1004,Product Launch 2024,101,2024-09-14,284.79,5425,365
1004,Product Launch 2024,101,2024-09-15,292.18,8921,288
1004,Product Launch 2024,101,2024-09-16,378.96,5397,215
1004,Product Launch 2024,101,2024-09-18,89.0,8385,174
1004,Product Launch 2024,101,2024-09-19,306.43,7209,222
1004,Product Launch 2024,101,2024-09-20,432.93,3979,299
1004,Product Launch 2024,101,2024-09-21,409.02,6576,193
1004,Product Launch 2024,101,2024-09-23,174.32,1166,314
1004,Product Launch 2024,101,2024-09-25,374.03,9004,334
1004,Product Launch 2024,101,2024-09-26,360.77,9041,279
1004,Product Launch 2024,101,2024-09-27,91.87,4630,257
1004,Product Launch 2024,101,2024-09-28,187.79,7046,292
1004,Product Launch 2024,101,2024-09-29,204.69,6419,230
1004,Product Launch 2024,101,2024-09-30,171.91,5118,168
1004,Product Launch 2024,101,2024-10-01,136.66,2958,430
1004,Product Launch 2024,101,2024-10-02,392.99,4033,148
1004,Product Launch 2024,101,2024-10-03,267.89,9595,355
1004,Product Launch 2024,101,2024-10-04,95.24,4180,201
1004,Product Launch 2024,101,2024-10-05,130.75,1231,412
1004,Product Launch 2024,101,2024-10-06,173.44,1893,333
1004,Product Launch 2024,101,2024-10-07,474.84,9042,102
1004,Product Launch 2024,101,2024-10-09,261.23,8216,224
1004,Product Launch 2024,101,2024-10-10,73.12,8827,108
1004,Product Launch 2024,101,2024-10-11,230.32,2213,345
1004,Product Launch 2024,101,2024-10-12,74.12,3444,465
1004,Product Launch 2024,101,2024-10-13,186.73,5066,110
1004,Product Launch 2024,101,2024-10-14,237.28,4697,447
1004,Product Launch 2024,101,2024-10-15,252.73,8253,202
1004,Product Launch 2024,101,2024-10-18,329.46,2625,440
1004,Product Launch 2024,101,2024-10-19,144.96,2330,130
1004,Product Launch 2024,101,2024-10-20,298.4,3564,51
1004,Product Launch 2024,101,2024-10-21,360.22,8699,199
1004,Product Launch 2024,101,2024-10-22,179.65,5632,409
1004,Product Launch 2024,101,2024-10-24,155.04,5334,453
1004,Product Launch 2024,101,2024-10-25,315.41,4241,267
1004,Product Launch 2024,101,2024-10-26,151.16,3441,186
1004,Product Launch 2024,101,2024-10-27,82.13,3718,455
1004,Product Launch 2024,101,2024-10-28,387.03,5728,274
1004,Product Launch 2024,101,2024-10-29,359.91,7594,189
1004,Product Launch 2024,101,2024-10-30,272.21,2317,356
1005,Brand Awareness Q4,102,2024-09-01,244.41,6280,359
1005,Brand Awareness Q4,102,2024-09-02,91.1,1339,441
1005,Brand Awareness Q4,102,2024-09-03,171.28,1659,440
1005,Brand Awareness Q4,102,2024-09-04,261.73,8245,192
1005,Brand Awareness Q4,102,2024-09-05,313.4,9056,96
1005,Brand Awareness Q4,102,2024-09-06,233.76,6260,393
1005,Brand Awareness Q4,102,2024-09-07,122.37,7744,405
1005,Brand Awareness Q4,102,2024-09-08,348.16,7561,466
1005,Brand Awareness Q4,102,2024-09-09,66.51,2442,211
1005,Brand Awareness Q4,102,2024-09-10,102.16,7622,492
1005,Brand Awareness Q4,102,2024-09-11,494.65,9889,286
1005,Brand Awareness Q4,102,2024-09-12,134.41,6927,368
1005,Brand Awareness Q4,102,2024-09-13,331.43,1845,154
1005,Brand Awareness Q4,102,2024-09-14,108.96,5719,274
1005,Brand Awareness Q4,102,2024-09-16,62.99,4920,413
1005,Brand Awareness Q4,102,2024-09-17,297.88,7684,97
1005,Brand Awareness Q4,102,2024-09-18,428.63,2858,286
1005,Brand Awareness Q4,102,2024-09-20,119.29,5781,310
1005,Brand Awareness Q4,102,2024-09-21,236.97,8905,291
1005,Brand Awareness Q4,102,2024-09-22,298.07,7284,147
1005,Brand Awareness Q4,102,2024-09-24,445.7,2143,191
1005,Brand Awareness Q4,102,2024-09-25,434.49,6568,453
1005,Brand Awareness Q4,102,2024-09-26,419.25,5634,421
1005,Brand Awareness Q4,102,2024-09-27,314.12,9022,493
1005,Brand Awareness Q4,102,2024-09-28,292.36,6654,220
1005,Brand Awareness Q4,102,2024-09-29,294.54,8460,214
1005,Brand Awareness Q4,102,2024-10-02,222.34,7730,72
1005,Brand Awareness Q4,102,2024-10-03,262.84,7246,247
1005,Brand Awareness Q4,102,2024-10-05,343.41,3492,303
1005,Brand Awareness Q4,102,2024-10-07,484.41,6439,495
1005,Brand Awareness Q4,102,2024-10-08,430.27,2633,319
1005,Brand Awareness Q4,102,2024-10-10,114.87,3529,88
1005,Brand Awareness Q4,102,2024-10-11,486.14,6546,369
1005,Brand Awareness Q4,102,2024-10-12,342.43,6383,486
1005,Brand Awareness Q4,102,2024-10-13,290.13,6188,370
1005,Brand Awareness Q4,102,2024-10-14,391.73,9864,68
1005,Brand Awareness Q4,102,2024-10-15,155.65,5708,166
1005,Brand Awareness Q4,102,2024-10-16,245.29,2612,439
1005,Brand Awareness Q4,102,2024-10-17,442.66,8269,135
1005,Brand Awareness Q4,102,2024-10-18,456.54,1753,216
1005,Brand Awareness Q4,102,2024-10-19,182.02,7141,270
1005,Brand Awareness Q4,102,2024-10-20,289.02,3950,137
1005,Brand Awareness Q4,102,2024-10-21,324.27,7267,367
1005,Brand Awareness Q4,102,2024-10-22,273.95,3344,168
1005,Brand Awareness Q4,102,2024-10-23,164.29,5183,391
1005,Brand Awareness Q4,102,2024-10-24,412.08,5712,396
1005,Brand Awareness Q4,102,2024-10-25,83.24,6661,350
1005,Brand Awareness Q4,102,2024-10-26,482.91,5097,283
1005,Brand Awareness Q4,102,2024-10-27,139.65,7302,486
1005,Brand Awareness Q4,102,2024-10-28,156.74,6881,344
1005,Brand Awareness Q4,102,2024-10-29,364.68,1359,474
1005,Brand Awareness Q4,102,2024-10-30,173.52,1803,360
1006,Lead Generation | DE | Form,102,2024-09-01,424.78,5689,447
1006,Lead Generation | DE | Form,102,2024-09-02,323.18,6772,162
1006,Lead Generation | DE | Form,102,2024-09-03,329.4,3240,371
1006,Lead Generation | DE | Form,102,2024-09-04,332.36,1645,208
1006,Lead Generation | DE | Form,102,2024-09-05,65.01,6977,424
1006,Lead Generation | DE | Form,102,2024-09-06,459.33,6352,432
1006,Lead Generation | DE | Form,102,2024-09-07,140.36,9837,498
1006,Lead Generation | DE | Form,102,2024-09-09,461.07,3695,181
1006,Lead Generation | DE | Form,102,2024-09-13,441.68,2886,289
1006,Lead Generation | DE | Form,102,2024-09-15,484.93,7511,483
1006,Lead Generation | DE | Form,102,2024-09-16,214.6,7464,57
1006,Lead Generation | DE | Form,102,2024-09-17,105.61,7038,394
1006,Lead Generation | DE | Form,102,2024-09-18,167.97,7242,471
1006,Lead Generation | DE | Form,102,2024-09-19,217.16,4830,291
1006,Lead Generation | DE | Form,102,2024-09-20,447.91,6374,362
1006,Lead Generation | DE | Form,102,2024-09-21,78.45,8606,408
1006,Lead Generation | DE | Form,102,2024-09-22,233.73,3290,73
1006,Lead Generation | DE | Form,102,2024-09-24,271.68,2592,170
1006,Lead Generation | DE | Form,102,2024-09-26,254.14,9850,264
1006,Lead Generation | DE | Form,102,2024-09-27,376.97,7797,385
1006,Lead Generation | DE | Form,102,2024-09-28,270.21,7686,193
1006,Lead Generation | DE | Form,102,2024-09-29,216.74,8264,277
1006,Lead Generation | DE | Form,102,2024-10-02,358.56,9920,380
1006,Lead Generation | DE | Form,102,2024-10-03,229.16,4109,112
1006,Lead Generation | DE | Form,102,2024-10-05,91.25,4475,378
1006,Lead Generation | DE | Form,102,2024-10-06,486.99,1828,452
1006,Lead Generation | DE | Form,102,2024-10-07,494.97,4362,85
1006,Lead Generation | DE | Form,102,2024-10-08,299.39,4538,466
1006,Lead Generation | DE | Form,102,2024-10-10,116.4,1046,191
1006,Lead Generation | DE | Form,102,2024-10-12,108.5,5106,458
1006,Lead Generation | DE | Form,102,2024-10-13,347.48,1422,117
1006,Lead Generation | DE | Form,102,2024-10-14,405.49,4898,351
1006,Lead Generation | DE | Form,102,2024-10-15,128.41,1858,114
1006,Lead Generation | DE | Form,102,2024-10-16,286.74,2041,293
1006,Lead Generation | DE | Form,102,2024-10-17,212.92,2786,281
1006,Lead Generation | DE | Form,102,2024-10-18,475.44,1710,422
1006,Lead Generation | DE | Form,102,2024-10-19,440.14,9543,204
1006,Lead Generation | DE | Form,102,2024-10-20,483.81,1996,295
1006,Lead Generation | DE | Form,102,2024-10-21,241.82,2768,301
1006,Lead Generation | DE | Form,102,2024-10-22,249.6,2323,214
1006,Lead Generation | DE | Form,102,2024-10-23,79.56,5505,369
1006,Lead Generation | DE | Form,102,2024-10-24,296.76,6327,245
1006,Lead Generation | DE | Form,102,2024-10-26,254.17,8048,100
1006,Lead Generation | DE | Form,102,2024-10-27,101.49,4522,270
1006,Lead Generation | DE | Form,102,2024-10-28,152.82,6553,473
1006,Lead Generation | DE | Form,102,2024-10-29,237.2,2557,210
1006,Lead Generation | DE | Form,102,2024-10-30,349.3,7132,128
1007,Retargeting Campaign,102,2024-09-01,263.42,2494,475
1007,Retargeting Campaign,102,2024-09-02,244.34,7105,465
1007,Retargeting Campaign,102,2024-09-03,76.99,6400,393
1007,Retargeting Campaign,102,2024-09-04,209.12,7929,494
1007,Retargeting Campaign,102,2024-09-06,179.43,6119,230
1007,Retargeting Campaign,102,2024-09-07,278.34,3535,386
1007,Retargeting Campaign,102,2024-09-08,431.27,6736,482
1007,Retargeting Campaign,102,2024-09-09,101.7,5564,343
1007,Retargeting Campaign,102,2024-09-10,243.1,1430,361
1007,Retargeting Campaign,102,2024-09-12,170.35,3955,189
1007,Retargeting Campaign,102,2024-09-13,189.04,6567,229
1007,Retargeting Campaign,102,2024-09-14,441.44,7566,85
1007,Retargeting Campaign,102,2024-09-15,334.93,1502,96
1007,Retargeting Campaign,102,2024-09-16,146.81,7878,282
1007,Retargeting Campaign,102,2024-09-17,216.52,6314,447
1007,Retargeting Campaign,102,2024-09-19,447.5,3549,130
1007,Retargeting Campaign,102,2024-09-20,72.39,2336,189
1007,Retargeting Campaign,102,2024-09-21,240.81,8242,262
1007,Retargeting Campaign,102,2024-09-22,389.72,2864,226
1007,Retargeting Campaign,102,2024-09-23,177.46,8972,319
1007,Retargeting Campaign,102,2024-09-24,70.44,7475,356
1007,Retargeting Campaign,102,2024-09-25,141.99,4460,442
1007,Retargeting Campaign,102,2024-09-26,164.98,6375,111
1007,Retargeting Campaign,102,2024-09-27,386.16,3878,116
1007,Retargeting Campaign,102,2024-09-28,366.65,9196,336
1007,Retargeting Campaign,102,2024-09-29,412.79,2180,253
1007,Retargeting Campaign,102,2024-10-01,58.43,2275,491
1007,Retargeting Campaign,102,2024-10-02,243.18,7626,413
1007,Retargeting Campaign,102,2024-10-03,180.28,7636,60
1007,Retargeting Campaign,102,2024-10-05,476.43,8538,475
1007,Retargeting Campaign,102,2024-10-06,212.83,8155,482
1007,Retargeting Campaign,102,2024-10-07,246.05,7560,318
1007,Retargeting Campaign,102,2024-10-08,441.74,6562,163
1007,Retargeting Campaign,102,2024-10-09,125.66,9363,374
1007,Retargeting Campaign,102,2024-10-10,279.48,6724,229
1007,Retargeting Campaign,102,2024-10-11,418.53,3419,170
1007,Retargeting Campaign,102,2024-10-12,165.19,3842,358
1007,Retargeting Campaign,102,2024-10-13,391.62,2234,140
1007,Retargeting Campaign,102,2024-10-15,258.78,8354,398
1007,Retargeting Campaign,102,2024-10-17,335.88,6295,492
1007,Retargeting Campaign,102,2024-10-19,247.89,8682,276
1007,Retargeting Campaign,102,2024-10-20,408.35,1920,230
1007,Retargeting Campaign,102,2024-10-21,189.68,8404,69
1007,Retargeting Campaign,102,2024-10-22,424.26,2257,380
1007,Retargeting Campaign,102,2024-10-25,278.18,8581,347
1007,Retargeting Campaign,102,2024-10-26,406.32,1672,280
1007,Retargeting Campaign,102,2024-10-28,134.71,8792,306
1007,Retargeting Campaign,102,2024-10-29,77.84,2695,465
1008,Product Launch 2024,102,2024-09-01,371.44,9266,380
1008,Product Launch 2024,102,2024-09-02,161.48,8172,274
1008,Product Launch 2024,102,2024-09-03,324.41,6962,240
1008,Product Launch 2024,102,2024-09-05,398.51,1857,454
1008,Product Launch 2024,102,2024-09-06,200.59,6401,98
1008,Product Launch 2024,102,2024-09-07,223.95,5128,420
1008,Product Launch 2024,102,2024-09-10,117.67,2335,348
1008,Product Launch 2024,102,2024-09-11,462.54,6082,385
1008,Product Launch 2024,102,2024-09-12,226.38,2388,208
1008,Product Launch 2024,102,2024-09-13,339.57,6381,466
1008,Product Launch 2024,102,2024-09-14,366.27,9624,97
1008,Product Launch 2024,102,2024-09-15,240.53,6928,59
1008,Product Launch 2024,102,2024-09-16,131.12,4509,224
1008,Product Launch 2024,102,2024-09-18,151.94,3253,129
1008,Product Launch 2024,102,2024-09-19,429.99,2657,309
1008,Product Launch 2024,102,2024-09-20,425.8,9626,69
1008,Product Launch 2024,102,2024-09-21,444.38,3147,355
1008,Product Launch 2024,102,2024-09-22,123.01,3712,419
1008,Product Launch 2024,102,2024-09-23,234.89,4891,277
1008,Product Launch 2024,102,2024-09-24,388.58,8355,169
1008,Product Launch 2024,102,2024-09-25,189.26,8684,477
1008,Product Launch 2024,102,2024-09-26,355.24,8218,286
1008,Product Launch 2024,102,2024-09-27,400.16,9239,320
1008,Product Launch 2024,102,2024-09-28,122.93,4271,460
1008,Product Launch 2024,102,2024-09-29,442.85,1854,378
1008,Product Launch 2024,102,2024-09-30,217.05,2680,414
1008,Product Launch 2024,102,2024-10-01,433.02,5670,92
1008,Product Launch 2024,102,2024-10-02,172.76,9410,125
1008,Product Launch 2024,102,2024-10-03,91.27,4637,468
1008,Product Launch 2024,102,2024-10-04,207.31,1436,262
1008,Product Launch 2024,102,2024-10-05,275.9,4862,247
1008,Product Launch 2024,102,2024-10-07,62.68,2623,479
1008,Product Launch 2024,102,2024-10-08,200.88,3392,120
1008,Product Launch 2024,102,2024-10-09,462.83,8740,406
1008,Product Launch 2024,102,2024-10-10,391.48,8685,279
1008,Product Launch 2024,102,2024-10-11,457.64,1311,181
1008,Product Launch 2024,102,2024-10-12,117.28,9647,266
1008,Product Launch 2024,102,2024-10-13,179.65,5934,112
1008,Product Launch 2024,102,2024-10-14,238.92,8489,82
1008,Product Launch 2024,102,2024-10-15,457.32,9782,58
1008,Product Launch 2024,102,2024-10-16,308.77,3352,199
1008,Product Launch 2024,102,2024-10-17,326.66,4941,342
1008,Product Launch 2024,102,2024-10-18,348.97,2402,318
1008,Product Launch 2024,102,2024-10-20,286.73,9312,452
1008,Product Launch 2024,102,2024-10-22,225.7,8702,72
1008,Product Launch 2024,102,2024-10-23,491.47,5155,432
1008,Product Launch 2024,102,2024-10-24,404.83,6649,173
1008,Product Launch 2024,102,2024-10-25,332.72,6447,118
1008,Product Launch 2024,102,2024-10-26,295.71,3868,475
1008,Product Launch 2024,102,2024-10-27,259.08,8840,373
1008,Product Launch 2024,102,2024-10-28,110.68,8498,68
1008,Product Launch 2024,102,2024-10-29,69.71,4268,71
1008,Product Launch 2024,102,2024-10-30,189.53,7524,467
1009,Brand Awareness Q4,103,2024-09-01,163.99,4131,196
1009,Brand Awareness Q4,103,2024-09-02,401.38,6438,189
1009,Brand Awareness Q4,103,2024-09-03,215.61,7553,430
1009,Brand Awareness Q4,103,2024-09-04,480.42,6554,145
1009,Brand Awareness Q4,103,2024-09-05,273.89,9507,186
1009,Brand Awareness Q4,103,2024-09-06,377.19,2293,270
1009,Brand Awareness Q4,103,2024-09-07,420.05,9937,200
1009,Brand Awareness Q4,103,2024-09-08,86.03,5843,206
1009,Brand Awareness Q4,103,2024-09-09,372.95,3730,403
1009,Brand Awareness Q4,103,2024-09-10,251.21,6776,364
1009,Brand Awareness Q4,103,2024-09-12,491.01,1939,88
1009,Brand Awareness Q4,103,2024-09-13,232.79,9406,460
1009,Brand Awareness Q4,103,2024-09-14,121.99,1510,123
1009,Brand Awareness Q4,103,2024-09-15,355.14,8179,67
1009,Brand Awareness Q4,103,2024-09-16,156.2,7001,235
1009,Brand Awareness Q4,103,2024-09-17,305.26,3513,397
1009,Brand Awareness Q4,103,2024-09-18,216.93,8273,440
1009,Brand Awareness Q4,103,2024-09-19,111.96,7012,253
1009,Brand Awareness Q4,103,2024-09-20,175.41,2858,63
1009,Brand Awareness Q4,103,2024-09-21,274.57,7340,337
1009,Brand Awareness Q4,103,2024-09-22,398.73,8311,159
1009,Brand Awareness Q4,103,2024-09-24,462.42,9047,152
1009,Brand Awareness Q4,103,2024-09-25,433.77,8406,138
1009,Brand Awareness Q4,103,2024-09-27,89.51,6236,391
1009,Brand Awareness Q4,103,2024-09-28,79.22,9882,198
1009,Brand Awareness Q4,103,2024-10-01,467.3,3852,456
1009,Brand Awareness Q4,103,2024-10-02,150.91,4292,455
1009,Brand Awareness Q4,103,2024-10-03,405.67,1430,234
1009,Brand Awareness Q4,103,2024-10-04,216.01,3126,363
1009,Brand Awareness Q4,103,2024-10-06,229.17,8842,319
1009,Brand Awareness Q4,103,2024-10-07,234.25,2208,114
1009,Brand Awareness Q4,103,2024-10-09,252.49,9476,226
1009,Brand Awareness Q4,103,2024-10-10,423.07,3981,443
1009,Brand Awareness Q4,103,2024-10-12,459.82,1907,475
1009,Brand Awareness Q4,103,2024-10-13,118.86,3697,132
1009,Brand Awareness Q4,103,2024-10-14,369.2,6669,315
1009,Brand Awareness Q4,103,2024-10-16,162.77,5496,114
1009,Brand Awareness Q4,103,2024-10-17,326.49,2530,307
1009,Brand Awareness Q4,103,2024-10-18,316.31,3526,137
1009,Brand Awareness Q4,103,2024-10-19,374.28,6531,481
1009,Brand Awareness Q4,103,2024-10-21,438.7,2330,73
1009,Brand Awareness Q4,103,2024-10-23,169.1,4453,442
1009,Brand Awareness Q4,103,2024-10-24,328.15,1496,304
1009,Brand Awareness Q4,103,2024-10-26,338.86,5949,297
1009,Brand Awareness Q4,103,2024-10-27,413.31,7653,202
1009,Brand Awareness Q4,103,2024-10-28,359.88,3589,275
1009,Brand Awareness Q4,103,2024-10-29,259.0,6573,360
1009,Brand Awareness Q4,103,2024-10-30,437.67,6231,425
1010,Lead Generation | DE | Form,103,2024-09-02,229.42,7070,313
1010,Lead Generation | DE | Form,103,2024-09-03,193.6,8642,112
1010,Lead Generation | DE | Form,103,2024-09-04,161.56,2586,75
1010,Lead Generation | DE | Form,103,2024-09-05,222.87,7850,177
1010,Lead Generation | DE | Form,103,2024-09-08,470.19,6123,147
1010,Lead Generation | DE | Form,103,2024-09-09,274.22,9433,289
1010,Lead Generation | DE | Form,103,2024-09-10,188.84,1379,96
1010,Lead Generation | DE | Form,103,2024-09-12,485.01,4524,348
1010,Lead Generation | DE | Form,103,2024-09-13,72.74,9108,355
1010,Lead Generation | DE | Form,103,2024-09-15,261.76,9793,54
1010,Lead Generation | DE | Form,103,2024-09-16,243.92,5333,422
1010,Lead Generation | DE | Form,103,2024-09-17,231.46,1741,255
1010,Lead Generation | DE | Form,103,2024-09-18,302.82,6939,333
1010,Lead Generation | DE | Form,103,2024-09-19,223.86,8378,441
1010,Lead Generation | DE | Form,103,2024-09-20,421.39,2946,115
1010,Lead Generation | DE | Form,103,2024-09-22,407.7,6555,335
1010,Lead Generation | DE | Form,103,2024-09-24,139.58,9341,255
1010,Lead Generation | DE | Form,103,2024-09-25,70.39,3245,415
1010,Lead Generation | DE | Form,103,2024-09-26,263.18,8487,126
1010,Lead Generation | DE | Form,103,2024-09-27,281.98,6373,363
1010,Lead Generation | DE | Form,103,2024-09-28,226.83,5902,353
1010,Lead Generation | DE | Form,103,2024-09-29,422.73,9721,300
1010,Lead Generation | DE | Form,103,2024-09-30,184.91,1272,238
1010,Lead Generation | DE | Form,103,2024-10-01,99.32,7824,348
1010,Lead Generation | DE | Form,103,2024-10-02,454.45,1436,355
1010,Lead Generation | DE | Form,103,2024-10-03,485.18,4728,419
1010,Lead Generation | DE | Form,103,2024-10-04,266.2,9589,372
1010,Lead Generation | DE | Form,103,2024-10-05,398.57,7229,125
1010,Lead Generation | DE | Form,103,2024-10-06,158.99,2800,147
1010,Lead Generation | DE | Form,103,2024-10-07,191.16,3481,261
1010,Lead Generation | DE | Form,103,2024-10-08,234.67,8726,496
1010,Lead Generation | DE | Form,103,2024-10-09,377.33,3262,315
1010,Lead Generation | DE | Form,103,2024-10-10,196.27,8837,319
1010,Lead Generation | DE | Form,103,2024-10-11,480.51,8531,322
1010,Lead Generation | DE | Form,103,2024-10-12,209.43,5331,362
1010,Lead Generation | DE | Form,103,2024-10-13,480.8,5571,335
1010,Lead Generation | DE | Form,103,2024-10-14,473.67,5876,444
1010,Lead Generation | DE | Form,103,2024-10-15,143.28,9011,212
1010,Lead Generation | DE | Form,103,2024-10-16,302.22,5480,197
1010,Lead Generation | DE | Form,103,2024-10-17,354.48,7220,252
1010,Lead Generation | DE | Form,103,2024-10-18,479.57,3399,198
1010,Lead Generation | DE | Form,103,2024-10-19,479.89,2294,227
1010,Lead Generation | DE | Form,103,2024-10-21,386.3,4505,153
1010,Lead Generation | DE | Form,103,2024-10-22,172.01,5450,120
1010,Lead Generation | DE | Form,103,2024-10-23,383.4,4920,174
1010,Lead Generation | DE | Form,103,2024-10-24,457.33,4697,376
1010,Lead Generation | DE | Form,103,2024-10-25,95.09,6411,417
1010,Lead Generation | DE | Form,103,2024-10-26,356.54,3252,52
1010,Lead Generation | DE | Form,103,2024-10-29,343.8,8793,294
1010,Lead Generation | DE | Form,103,2024-10-30,390.16,5706,214
1011,Retargeting Campaign,103,2024-09-01,76.62,2465,383
1011,Retargeting Campaign,103,2024-09-02,290.82,1611,139
1011,Retargeting Campaign,103,2024-09-03,426.92,1595,478
1011,Retargeting Campaign,103,2024-09-04,272.92,5742,498
1011,Retargeting Campaign,103,2024-09-05,184.28,2758,221
1011,Retargeting Campaign,103,2024-09-06,495.09,9901,318
1011,Retargeting Campaign,103,2024-09-07,472.35,9261,289
1011,Retargeting Campaign,103,2024-09-08,413.97,6417,133
1011,Retargeting Campaign,103,2024-09-09,341.73,4050,57
1011,Retargeting Campaign,103,2024-09-10,405.85,4164,139
1011,Retargeting Campaign,103,2024-09-11,337.43,7643,473
1011,Retargeting Campaign,103,2024-09-12,197.57,7567,392
1011,Retargeting Campaign,103,2024-09-13,491.76,8822,215
1011,Retargeting Campaign,103,2024-09-15,222.61,8319,435
1011,Retargeting Campaign,103,2024-09-16,198.33,1187,183
1011,Retargeting Campaign,103,2024-09-17,361.75,2017,391
1011,Retargeting Campaign,103,2024-09-18,188.06,7642,401
1011,Retargeting Campaign,103,2024-09-19,452.8,6095,403
1011,Retargeting Campaign,103,2024-09-20,462.26,5833,238
1011,Retargeting Campaign,103,2024-09-21,148.61,3188,294
1011,Retargeting Campaign,103,2024-09-22,386.48,7121,262
1011,Retargeting Campaign,103,2024-09-23,460.76,9806,460
1011,Retargeting Campaign,103,2024-09-24,148.29,5054,398
1011,Retargeting Campaign,103,2024-09-25,442.91,2341,319
1011,Retargeting Campaign,103,2024-09-26,366.69,2279,338
1011,Retargeting Campaign,103,2024-09-27,422.95,9281,153
1011,Retargeting Campaign,103,2024-09-28,117.43,6375,487
1011,Retargeting Campaign,103,2024-09-29,102.31,4365,417
1011,Retargeting Campaign,103,2024-09-30,90.92,9361,278
1011,Retargeting Campaign,103,2024-10-01,254.04,9409,262
1011,Retargeting Campaign,103,2024-10-02,75.98,8575,394
1011,Retargeting Campaign,103,2024-10-03,375.48,7487,180
1011,Retargeting Campaign,103,2024-10-04,385.61,2196,73
1011,Retargeting Campaign,103,2024-10-05,365.17,9866,80
1011,Retargeting Campaign,103,2024-10-07,470.2,1519,196
1011,Retargeting Campaign,103,2024-10-08,396.04,7887,241
1011,Retargeting Campaign,103,2024-10-10,441.33,7184,242
1011,Retargeting Campaign,103,2024-10-11,483.86,9835,118
1011,Retargeting Campaign,103,2024-10-12,206.5,3924,325
1011,Retargeting Campaign,103,2024-10-13,107.31,4648,477
1011,Retargeting Campaign,103,2024-10-14,60.23,5888,287
1011,Retargeting Campaign,103,2024-10-15,295.0,9715,244
1011,Retargeting Campaign,103,2024-10-16,161.38,6671,129
1011,Retargeting Campaign,103,2024-10-17,471.83,2848,66
1011,Retargeting Campaign,103,2024-10-18,238.66,1256,173
1011,Retargeting Campaign,103,2024-10-19,95.4,1550,278
1011,Retargeting Campaign,103,2024-10-20,366.48,1797,175
1011,Retargeting Campaign,103,2024-10-21,231.02,4839,326
1011,Retargeting Campaign,103,2024-10-22,438.68,1924,121
1011,Retargeting Campaign,103,2024-10-23,180.17,6224,345
1011,Retargeting Campaign,103,2024-10-24,352.64,6253,171
1011,Retargeting Campaign,103,2024-10-25,114.47,9540,163
1011,Retargeting Campaign,103,2024-10-26,173.82,3869,370
1011,Retargeting Campaign,103,2024-10-27,300.13,1768,226
1011,Retargeting Campaign,103,2024-10-29,403.61,6222,406
1011,Retargeting Campaign,103,2024-10-30,117.15,7167,144
1012,Product Launch 2024,103,2024-09-01,263.08,4692,203
1012,Product Launch 2024,103,2024-09-03,258.36,1944,337
1012,Product Launch 2024,103,2024-09-04,237.43,9683,118
1012,Product Launch 2024,103,2024-09-05,164.75,6411,381
1012,Product Launch 2024,103,2024-09-06,252.4,7079,97
1012,Product Launch 2024,103,2024-09-07,423.23,1844,187
1012,Product Launch 2024,103,2024-09-08,322.24,1647,497
1012,Product Launch 2024,103,2024-09-09,412.09,4555,295
1012,Product Launch 2024,103,2024-09-10,458.16,5967,57
1012,Product Launch 2024,103,2024-09-11,135.51,2922,432
1012,Product Launch 2024,103,2024-09-13,159.17,4350,253
1012,Product Launch 2024,103,2024-09-15,398.98,7236,288
1012,Product Launch 2024,103,2024-09-16,211.67,5285,234
1012,Product Launch 2024,103,2024-09-17,273.77,2615,461
1012,Product Launch 2024,103,2024-09-19,427.88,4328,239
1012,Product Launch 2024,103,2024-09-20,70.57,4625,429
1012,Product Launch 2024,103,2024-09-21,167.35,7841,201
1012,Product Launch 2024,103,2024-09-22,198.44,7223,341
1012,Product Launch 2024,103,2024-09-23,274.69,6530,181
1012,Product Launch 2024,103,2024-09-24,269.88,9037,285
1012,Product Launch 2024,103,2024-09-25,407.74,3773,121
1012,Product Launch 2024,103,2024-09-26,269.74,9882,378
1012,Product Launch 2024,103,2024-09-28,427.58,2217,468
1012,Product Launch 2024,103,2024-09-29,393.95,7756,120
1012,Product Launch 2024,103,2024-09-30,154.15,3474,54
1012,Product Launch 2024,103,2024-10-01,255.2,1990,366
1012,Product Launch 2024,103,2024-10-02,470.26,8916,387
1012,Product Launch 2024,103,2024-10-03,52.98,7739,56
1012,Product Launch 2024,103,2024-10-04,374.99,9777,196
1012,Product Launch 2024,103,2024-10-05,415.92,8054,462
1012,Product Launch 2024,103,2024-10-07,463.12,9591,126
1012,Product Launch 2024,103,2024-10-08,328.9,5135,467
1012,Product Launch 2024,103,2024-10-09,407.72,2294,241
1012,Product Launch 2024,103,2024-10-11,159.44,4700,203
1012,Product Launch 2024,103,2024-10-12,431.54,1519,97
1012,Product Launch 2024,103,2024-10-13,219.73,8798,78
1012,Product Launch 2024,103,2024-10-14,366.28,2354,305
1012,Product Launch 2024,103,2024-10-15,340.21,6427,339
1012,Product Launch 2024,103,2024-10-20,455.57,8790,188
1012,Product Launch 2024,103,2024-10-21,83.46,5593,328
1012,Product Launch 2024,103,2024-10-22,64.81,6152,58
1012,Product Launch 2024,103,2024-10-24,388.51,7525,89
1012,Product Launch 2024,103,2024-10-25,303.78,7375,396
1012,Product Launch 2024,103,2024-10-27,390.02,3292,454
1012,Product Launch 2024,103,2024-10-29,275.36,6666,77
1012,Product Launch 2024,103,2024-10-30,154.46,2245,224
