ad_id,ad_name,campaign_id,campaign_name,date,cost_micros,clicks,impressions
4001,Ad Variation 1,5001,Google Brand Campaign,2024-09-01,132311252,114,1029
4001,Ad Variation 1,5001,Google Brand Campaign,2024-09-02,61292129,132,2684
4001,Ad Variation 1,5001,Google Brand Campaign,2024-09-03,140050454,43,1483
4001,Ad Variation 1,5001,Google Brand Campaign,2024-09-04,89089091,129,3692
4001,Ad Variation 1,5001,Google Brand Campaign,2024-09-05,65145882,126,2122
4001,Ad Variation 1,5001,Google Brand Campaign,2024-09-06,127737456,92,1422
4001,Ad Variation 1,5001,Google Brand Campaign,2024-09-07,67184646,69,3543
4001,Ad Variation 1,5001,Google Brand Campaign,2024-09-08,114849155,36,4675
4001,Ad Variation 1,5001,Google Brand Campaign,2024-09-09,25225284,101,2274
4001,Ad Variation 1,5001,Google Brand Campaign,2024-09-10,38016734,96,4435
4001,Ad Variation 1,5001,Google Brand Campaign,2024-09-11,32527708,34,3083
4001,Ad Variation 1,5001,Google Brand Campaign,2024-09-13,135437703,39,3733
4001,Ad Variation 1,5001,Google Brand Campaign,2024-09-15,23645536,71,2303
4001,Ad Variation 1,5001,Google Brand Campaign,2024-09-16,102745618,88,1742
4001,Ad Variation 1,5001,Google Brand Campaign,2024-09-17,99675979,64,1144
4001,Ad Variation 1,5001,Google Brand Campaign,2024-09-18,43420929,81,2967
4001,Ad Variation 1,5001,Google Brand Campaign,2024-09-19,71218112,130,3388
4001,Ad Variation 1,5001,Google Brand Campaign,2024-09-20,76831347,64,4175
4001,Ad Variation 1,5001,Google Brand Campaign,2024-09-21,66570076,79,1949
4001,Ad Variation 1,5001,Google Brand Campaign,2024-09-22,32518558,84,1380
4001,Ad Variation 1,5001,Google Brand Campaign,2024-09-23,103901180,69,3493
4001,Ad Variation 1,5001,Google Brand Campaign,2024-09-24,132175774,79,4208
4001,Ad Variation 1,5001,Google Brand Campaign,2024-09-25,37021030,91,3677
4001,Ad Variation 1,5001,Google Brand Campaign,2024-09-26,39971099,95,1009
4001,Ad Variation 1,5001,Google Brand Campaign,2024-09-27,110375178,65,3098
4001,Ad Variation 1,5001,Google Brand Campaign,2024-09-28,56260114,124,1783
4001,Ad Variation 1,5001,Google Brand Campaign,2024-09-29,60252966,78,4900
4001,Ad Variation 1,5001,Google Brand Campaign,2024-09-30,48009488,140,2519
4001,Ad Variation 1,5001,Google Brand Campaign,2024-10-01,148455254,117,2786
4001,Ad Variation 1,5001,Google Brand Campaign,2024-10-03,25003971,149,2780
4001,Ad Variation 1,5001,Google Brand Campaign,2024-10-04,68582968,93,1719
4001,Ad Variation 1,5001,Google Brand Campaign,2024-10-05,117637812,65,2571
4001,Ad Variation 1,5001,Google Brand Campaign,2024-10-08,66107200,25,2842
4001,Ad Variation 1,5001,Google Brand Campaign,2024-10-09,65637492,25,3365
4001,Ad Variation 1,5001,Google Brand Campaign,2024-10-11,121887130,115,3493
4001,Ad Variation 1,5001,Google Brand Campaign,2024-10-12,143636438,142,4455
4001,Ad Variation 1,5001,Google Brand Campaign,2024-10-13,21108200,83,3331
4001,Ad Variation 1,5001,Google Brand Campaign,2024-10-14,141374051,128,2160
4001,Ad Variation 1,5001,Google Brand Campaign,2024-10-15,63314199,44,4438
4001,Ad Variation 1,5001,Google Brand Campaign,2024-10-17,26013165,86,2875
4001,Ad Variation 1,5001,Google Brand Campaign,2024-10-18,93745651,71,1018
4001,Ad Variation 1,5001,Google Brand Campaign,2024-10-19,99445871,107,2122
4001,Ad Variation 1,5001,Google Brand Campaign,2024-10-20,88271020,136,1869
4001,Ad Variation 1,5001,Google Brand Campaign,2024-10-23,101942689,122,3731
4001,Ad Variation 1,5001,Google Brand Campaign,2024-10-24,149234422,131,2760
4001,Ad Variation 1,5001,Google Brand Campaign,2024-10-25,92329115,86,2871
4001,Ad Variation 1,5001,Google Brand Campaign,2024-10-26,114059276,47,2874
4001,Ad Variation 1,5001,Google Brand Campaign,2024-10-27,134774514,25,4572
4001,Ad Variation 1,5001,Google Brand Campaign,2024-10-30,31408980,86,3544
4002,Ad Variation 2,5001,Google Brand Campaign,2024-09-01,31010615,40,1107
4002,Ad Variation 2,5001,Google Brand Campaign,2024-09-03,90276331,86,4260
4002,Ad Variation 2,5001,Google Brand Campaign,2024-09-05,146879976,134,1420
4002,Ad Variation 2,5001,Google Brand Campaign,2024-09-06,84482820,111,2715
4002,Ad Variation 2,5001,Google Brand Campaign,2024-09-07,63727112,20,3673
4002,Ad Variation 2,5001,Google Brand Campaign,2024-09-08,92856005,149,2730
4002,Ad Variation 2,5001,Google Brand Campaign,2024-09-10,71587851,145,3712
4002,Ad Variation 2,5001,Google Brand Campaign,2024-09-11,95561241,66,1837
4002,Ad Variation 2,5001,Google Brand Campaign,2024-09-12,47848456,114,3501
4002,Ad Variation 2,5001,Google Brand Campaign,2024-09-15,63978615,24,4616
4002,Ad Variation 2,5001,Google Brand Campaign,2024-09-18,142048353,24,3644
4002,Ad Variation 2,5001,Google Brand Campaign,2024-09-19,74889783,124,4509
4002,Ad Variation 2,5001,Google Brand Campaign,2024-09-20,126164586,78,2984
4002,Ad Variation 2,5001,Google Brand Campaign,2024-09-21,26115113,54,4378
4002,Ad Variation 2,5001,Google Brand Campaign,2024-09-22,140957133,87,4691
4002,Ad Variation 2,5001,Google Brand Campaign,2024-09-23,95294813,131,1295
4002,Ad Variation 2,5001,Google Brand Campaign,2024-09-24,114356124,62,4684
4002,Ad Variation 2,5001,Google Brand Campaign,2024-09-25,79821191,51,2231
4002,Ad Variation 2,5001,Google Brand Campaign,2024-09-27,64350692,34,4531
4002,Ad Variation 2,5001,Google Brand Campaign,2024-09-28,52308550,102,4568
4002,Ad Variation 2,5001,Google Brand Campaign,2024-09-29,85834110,129,4049
4002,Ad Variation 2,5001,Google Brand Campaign,2024-09-30,70518488,97,3106
4002,Ad Variation 2,5001,Google Brand Campaign,2024-10-02,75200007,83,3118
4002,Ad Variation 2,5001,Google Brand Campaign,2024-10-03,96902763,82,4107
4002,Ad Variation 2,5001,Google Brand Campaign,2024-10-04,135353615,33,3749
4002,Ad Variation 2,5001,Google Brand Campaign,2024-10-05,63362563,109,1904
4002,Ad Variation 2,5001,Google Brand Campaign,2024-10-06,132729266,41,1089
4002,Ad Variation 2,5001,Google Brand Campaign,2024-10-07,134105722,56,2799
4002,Ad Variation 2,5001,Google Brand Campaign,2024-10-08,70650080,105,1344
4002,Ad Variation 2,5001,Google Brand Campaign,2024-10-10,47970469,20,4109
4002,Ad Variation 2,5001,Google Brand Campaign,2024-10-11,143568984,148,4521
4002,Ad Variation 2,5001,Google Brand Campaign,2024-10-12,141675246,145,2882
4002,Ad Variation 2,5001,Google Brand Campaign,2024-10-13,70472286,141,1199
4002,Ad Variation 2,5001,Google Brand Campaign,2024-10-15,75694169,57,1211
4002,Ad Variation 2,5001,Google Brand Campaign,2024-10-17,48941630,84,2245
4002,Ad Variation 2,5001,Google Brand Campaign,2024-10-18,48358171,86,2650
4002,Ad Variation 2,5001,Google Brand Campaign,2024-10-19,100228565,116,4060
4002,Ad Variation 2,5001,Google Brand Campaign,2024-10-20,52830348,79,1429
4002,Ad Variation 2,5001,Google Brand Campaign,2024-10-21,110498347,58,1803
4002,Ad Variation 2,5001,Google Brand Campaign,2024-10-22,79021497,127,1363
4002,Ad Variation 2,5001,Google Brand Campaign,2024-10-23,133039805,32,2837
4002,Ad Variation 2,5001,Google Brand Campaign,2024-10-25,138904667,134,2234
4002,Ad Variation 2,5001,Google Brand Campaign,2024-10-26,67959758,138,2890
4002,Ad Variation 2,5001,Google Brand Campaign,2024-10-28,75495867,54,2589
4002,Ad Variation 2,5001,Google Brand Campaign,2024-10-29,72668823,133,3204
4002,Ad Variation 2,5001,Google Brand Campaign,2024-10-30,25521737,150,3515
4003,Ad Variation 3,5001,Google Brand Campaign,2024-09-02,138980615,145,4332
4003,Ad Variation 3,5001,Google Brand Campaign,2024-09-03,125167191,146,4957
4003,Ad Variation 3,5001,Google Brand Campaign,2024-09-04,70242229,89,3802
4003,Ad Variation 3,5001,Google Brand Campaign,2024-09-05,52135348,93,4437
4003,Ad Variation 3,5001,Google Brand Campaign,2024-09-06,64866609,55,3406
4003,Ad Variation 3,5001,Google Brand Campaign,2024-09-07,45536025,134,4071
4003,Ad Variation 3,5001,Google Brand Campaign,2024-09-08,54057736,27,4941
4003,Ad Variation 3,5001,Google Brand Campaign,2024-09-09,52215762,141,2594
4003,Ad Variation 3,5001,Google Brand Campaign,2024-09-10,94836134,141,2152
4003,Ad Variation 3,5001,Google Brand Campaign,2024-09-11,137053874,58,1092
4003,Ad Variation 3,5001,Google Brand Campaign,2024-09-13,82712681,110,1329
4003,Ad Variation 3,5001,Google Brand Campaign,2024-09-14,79747311,109,1818
4003,Ad Variation 3,5001,Google Brand Campaign,2024-09-15,30204755,101,4089
4003,Ad Variation 3,5001,Google Brand Campaign,2024-09-16,47876639,73,1243
4003,Ad Variation 3,5001,Google Brand Campaign,2024-09-17,27809974,28,3635
4003,Ad Variation 3,5001,Google Brand Campaign,2024-09-18,96635017,91,4024
4003,Ad Variation 3,5001,Google Brand Campaign,2024-09-19,74900578,115,2631
4003,Ad Variation 3,5001,Google Brand Campaign,2024-09-20,87946468,58,1991
4003,Ad Variation 3,5001,Google Brand Campaign,2024-09-21,116952375,87,2406
4003,Ad Variation 3,5001,Google Brand Campaign,2024-09-22,148659790,105,3681
4003,Ad Variation 3,5001,Google Brand Campaign,2024-09-23,69050807,82,2400
4003,Ad Variation 3,5001,Google Brand Campaign,2024-09-27,75246410,130,1130
4003,Ad Variation 3,5001,Google Brand Campaign,2024-09-28,142865808,23,4529
4003,Ad Variation 3,5001,Google Brand Campaign,2024-09-30,23879315,40,1287
4003,Ad Variation 3,5001,Google Brand Campaign,2024-10-01,52952444,98,3395
4003,Ad Variation 3,5001,Google Brand Campaign,2024-10-03,130658736,127,1318
4003,Ad Variation 3,5001,Google Brand Campaign,2024-10-04,112534382,148,3325
4003,Ad Variation 3,5001,Google Brand Campaign,2024-10-05,73566592,100,1329
4003,Ad Variation 3,5001,Google Brand Campaign,2024-10-06,33663675,101,3057
4003,Ad Variation 3,5001,Google Brand Campaign,2024-10-07,149072036,134,4225
4003,Ad Variation 3,5001,Google Brand Campaign,2024-10-09,30267761,99,3990
4003,Ad Variation 3,5001,Google Brand Campaign,2024-10-10,80220447,128,4781
4003,Ad Variation 3,5001,Google Brand Campaign,2024-10-11,106280014,124,3093
4003,Ad Variation 3,5001,Google Brand Campaign,2024-10-12,20008043,91,3951
4003,Ad Variation 3,5001,Google Brand Campaign,2024-10-13,98322805,125,2637
4003,Ad Variation 3,5001,Google Brand Campaign,2024-10-14,135225839,118,3242
4003,Ad Variation 3,5001,Google Brand Campaign,2024-10-16,22123688,115,3916
4003,Ad Variation 3,5001,Google Brand Campaign,2024-10-17,74239540,107,3459
4003,Ad Variation 3,5001,Google Brand Campaign,2024-10-18,22251618,37,2131
4003,Ad Variation 3,5001,Google Brand Campaign,2024-10-19,114138118,79,3833
4003,Ad Variation 3,5001,Google Brand Campaign,2024-10-20,117978270,66,3352
4003,Ad Variation 3,5001,Google Brand Campaign,2024-10-21,86622941,128,4720
4003,Ad Variation 3,5001,Google Brand Campaign,2024-10-22,22328554,100,2139
4003,Ad Variation 3,5001,Google Brand Campaign,2024-10-23,111322964,81,3552
4003,Ad Variation 3,5001,Google Brand Campaign,2024-10-24,43452558,59,1274
4003,Ad Variation 3,5001,Google Brand Campaign,2024-10-25,67587342,37,1885
4003,Ad Variation 3,5001,Google Brand Campaign,2024-10-27,70478809,28,2262
4003,Ad Variation 3,5001,Google Brand Campaign,2024-10-28,80541218,82,1873
4003,Ad Variation 3,5001,Google Brand Campaign,2024-10-29,132475596,43,2037
4003,Ad Variation 3,5001,Google Brand Campaign,2024-10-30,119408297,148,2390
4004,Ad Variation 4,5001,Google Brand Campaign,2024-09-01,81096872,96,4541
4004,Ad Variation 4,5001,Google Brand Campaign,2024-09-02,37207018,20,1769
4004,Ad Variation 4,5001,Google Brand Campaign,2024-09-03,55226197,92,1422
4004,Ad Variation 4,5001,Google Brand Campaign,2024-09-04,140418994,62,4753
4004,Ad Variation 4,5001,Google Brand Campaign,2024-09-05,125104701,149,2969
4004,Ad Variation 4,5001,Google Brand Campaign,2024-09-06,132515084,111,1336
4004,Ad Variation 4,5001,Google Brand Campaign,2024-09-07,120357123,124,2694
4004,Ad Variation 4,5001,Google Brand Campaign,2024-09-08,136375370,147,2962
4004,Ad Variation 4,5001,Google Brand Campaign,2024-09-09,47351825,43,4970
4004,Ad Variation 4,5001,Google Brand Campaign,2024-09-10,69186621,39,3070
4004,Ad Variation 4,5001,Google Brand Campaign,2024-09-11,21162685,56,2455
4004,Ad Variation 4,5001,Google Brand Campaign,2024-09-12,46252367,88,4689
4004,Ad Variation 4,5001,Google Brand Campaign,2024-09-14,62718779,40,2430
4004,Ad Variation 4,5001,Google Brand Campaign,2024-09-15,103483529,113,3612
4004,Ad Variation 4,5001,Google Brand Campaign,2024-09-16,35962162,145,3254
4004,Ad Variation 4,5001,Google Brand Campaign,2024-09-17,66134283,34,4313
4004,Ad Variation 4,5001,Google Brand Campaign,2024-09-18,60746966,39,4754
4004,Ad Variation 4,5001,Google Brand Campaign,2024-09-19,94356696,116,2352
4004,Ad Variation 4,5001,Google Brand Campaign,2024-09-20,89636081,48,2543
4004,Ad Variation 4,5001,Google Brand Campaign,2024-09-21,121723400,65,1881
4004,Ad Variation 4,5001,Google Brand Campaign,2024-09-22,146495382,44,3406
4004,Ad Variation 4,5001,Google Brand Campaign,2024-09-23,91470064,43,3243
4004,Ad Variation 4,5001,Google Brand Campaign,2024-09-25,118292956,34,1803
4004,Ad Variation 4,5001,Google Brand Campaign,2024-09-27,54655142,118,1774
4004,Ad Variation 4,5001,Google Brand Campaign,2024-09-28,114432563,64,2276
4004,Ad Variation 4,5001,Google Brand Campaign,2024-09-30,101640102,114,3352
4004,Ad Variation 4,5001,Google Brand Campaign,2024-10-01,132901818,81,4125
4004,Ad Variation 4,5001,Google Brand Campaign,2024-10-02,132798791,46,1710
4004,Ad Variation 4,5001,Google Brand Campaign,2024-10-03,62197356,59,2934
4004,Ad Variation 4,5001,Google Brand Campaign,2024-10-05,31697884,95,3964
4004,Ad Variation 4,5001,Google Brand Campaign,2024-10-06,46392820,83,1343
4004,Ad Variation 4,5001,Google Brand Campaign,2024-10-07,106048773,111,2484
4004,Ad Variation 4,5001,Google Brand Campaign,2024-10-08,27244245,36,2313
4004,Ad Variation 4,5001,Google Brand Campaign,2024-10-09,45475774,35,4311
4004,Ad Variation 4,5001,Google Brand Campaign,2024-10-10,21377441,135,2806
4004,Ad Variation 4,5001,Google Brand Campaign,2024-10-11,110156549,45,4660
4004,Ad Variation 4,5001,Google Brand Campaign,2024-10-12,139185258,124,2476
4004,Ad Variation 4,5001,Google Brand Campaign,2024-10-13,60678597,100,2309
4004,Ad Variation 4,5001,Google Brand Campaign,2024-10-14,119512021,130,1972
4004,Ad Variation 4,5001,Google Brand Campaign,2024-10-15,60993688,103,4630
4004,Ad Variation 4,5001,Google Brand Campaign,2024-10-16,125103950,67,3447
4004,Ad Variation 4,5001,Google Brand Campaign,2024-10-17,38972893,124,4845
4004,Ad Variation 4,5001,Google Brand Campaign,2024-10-18,141445503,88,2397
4004,Ad Variation 4,5001,Google Brand Campaign,2024-10-19,75965577,98,3803
4004,Ad Variation 4,5001,Google Brand Campaign,2024-10-20,102963151,46,1093
4004,Ad Variation 4,5001,Google Brand Campaign,2024-10-21,34044750,117,3624
4004,Ad Variation 4,5001,Google Brand Campaign,2024-10-22,102659260,43,1070
4004,Ad Variation 4,5001,Google Brand Campaign,2024-10-23,121167336,53,1655
4004,Ad Variation 4,5001,Google Brand Campaign,2024-10-24,37984855,51,2656
4004,Ad Variation 4,5001,Google Brand Campaign,2024-10-25,76022914,148,4789
4004,Ad Variation 4,5001,Google Brand Campaign,2024-10-26,112209469,41,3592
4004,Ad Variation 4,5001,Google Brand Campaign,2024-10-27,67759988,122,1698
4004,Ad Variation 4,5001,Google Brand Campaign,2024-10-28,71140825,117,4910
4004,Ad Variation 4,5001,Google Brand Campaign,2024-10-29,91011665,69,3586
4004,Ad Variation 4,5001,Google Brand Campaign,2024-10-30,96898062,42,4054
4005,Ad Variation 1,5002,Google Search Prospecting,2024-09-01,74962725,146,3057
4005,Ad Variation 1,5002,Google Search Prospecting,2024-09-02,147384712,122,2140
4005,Ad Variation 1,5002,Google Search Prospecting,2024-09-03,94043097,76,2964
4005,Ad Variation 1,5002,Google Search Prospecting,2024-09-05,97112395,103,4403
4005,Ad Variation 1,5002,Google Search Prospecting,2024-09-06,64925754,57,1325
4005,Ad Variation 1,5002,Google Search Prospecting,2024-09-07,105386415,71,1332
4005,Ad Variation 1,5002,Google Search Prospecting,2024-09-09,66253163,104,3456
4005,Ad Variation 1,5002,Google Search Prospecting,2024-09-10,143985743,148,3867
4005,Ad Variation 1,5002,Google Search Prospecting,2024-09-11,56847864,137,4954
4005,Ad Variation 1,5002,Google Search Prospecting,2024-09-12,149784245,36,3890
4005,Ad Variation 1,5002,Google Search Prospecting,2024-09-13,90674136,118,3801
4005,Ad Variation 1,5002,Google Search Prospecting,2024-09-16,63383268,50,4436
4005,Ad Variation 1,5002,Google Search Prospecting,2024-09-17,35813035,146,2738
4005,Ad Variation 1,5002,Google Search Prospecting,2024-09-18,50067421,88,3511
4005,Ad Variation 1,5002,Google Search Prospecting,2024-09-19,125646849,101,1294
4005,Ad Variation 1,5002,Google Search Prospecting,2024-09-20,124508597,131,2272
4005,Ad Variation 1,5002,Google Search Prospecting,2024-09-22,79136292,129,1973
4005,Ad Variation 1,5002,Google Search Prospecting,2024-09-24,128574619,32,3317
4005,Ad Variation 1,5002,Google Search Prospecting,2024-09-26,87688256,67,1249
4005,Ad Variation 1,5002,Google Search Prospecting,2024-09-27,73150566,69,4428
4005,Ad Variation 1,5002,Google Search Prospecting,2024-09-28,121817693,103,3357
4005,Ad Variation 1,5002,Google Search Prospecting,2024-09-29,105805582,59,1706
4005,Ad Variation 1,5002,Google Search Prospecting,2024-10-01,90373780,91,4110
4005,Ad Variation 1,5002,Google Search Prospecting,2024-10-02,120006642,75,2250
4005,Ad Variation 1,5002,Google Search Prospecting,2024-10-03,100557801,62,2964
4005,Ad Variation 1,5002,Google Search Prospecting,2024-10-04,94262295,32,3325
4005,Ad Variation 1,5002,Google Search Prospecting,2024-10-05,122850002,85,2785
4005,Ad Variation 1,5002,Google Search Prospecting,2024-10-06,26618907,41,4295
4005,Ad Variation 1,5002,Google Search Prospecting,2024-10-07,87934407,28,2124
4005,Ad Variation 1,5002,Google Search Prospecting,2024-10-08,47377903,70,4727
4005,Ad Variation 1,5002,Google Search Prospecting,2024-10-09,20672170,38,4434
4005,Ad Variation 1,5002,Google Search Prospecting,2024-10-12,52482142,115,4254
4005,Ad Variation 1,5002,Google Search Prospecting,2024-10-14,120243304,144,1427
4005,Ad Variation 1,5002,Google Search Prospecting,2024-10-16,56583139,126,4607
4005,Ad Variation 1,5002,Google Search Prospecting,2024-10-17,52889839,59,4655
4005,Ad Variation 1,5002,Google Search Prospecting,2024-10-18,102551184,131,2984
4005,Ad Variation 1,5002,Google Search Prospecting,2024-10-21,74076401,55,3030
4005,Ad Variation 1,5002,Google Search Prospecting,2024-10-22,104439916,105,4069
4005,Ad Variation 1,5002,Google Search Prospecting,2024-10-23,144175398,96,3556
4005,Ad Variation 1,5002,Google Search Prospecting,2024-10-24,34372776,59,3910
4005,Ad Variation 1,5002,Google Search Prospecting,2024-10-25,66845230,124,2820
4005,Ad Variation 1,5002,Google Search Prospecting,2024-10-26,144216729,59,4289
4005,Ad Variation 1,5002,Google Search Prospecting,2024-10-27,119034297,30,1699
4006,Ad Variation 2,5002,Google Search Prospecting,2024-09-02,134057083,75,3281
4006,Ad Variation 2,5002,Google Search Prospecting,2024-09-03,22632034,147,2859
4006,Ad Variation 2,5002,Google Search Prospecting,2024-09-04,62953108,55,1365
4006,Ad Variation 2,5002,Google Search Prospecting,2024-09-06,75939934,86,1891
4006,Ad Variation 2,5002,Google Search Prospecting,2024-09-08,84114803,88,2181
4006,Ad Variation 2,5002,Google Search Prospecting,2024-09-09,20339260,134,3298
4006,Ad Variation 2,5002,Google Search Prospecting,2024-09-10,131695393,25,4404
4006,Ad Variation 2,5002,Google Search Prospecting,2024-09-11,66089546,41,3729
4006,Ad Variation 2,5002,Google Search Prospecting,2024-09-12,95507745,45,3486
4006,Ad Variation 2,5002,Google Search Prospecting,2024-09-13,81214669,143,2534
4006,Ad Variation 2,5002,Google Search Prospecting,2024-09-14,40559033,90,2224
4006,Ad Variation 2,5002,Google Search Prospecting,2024-09-15,61180542,62,2388
4006,Ad Variation 2,5002,Google Search Prospecting,2024-09-16,33463414,129,4758
4006,Ad Variation 2,5002,Google Search Prospecting,2024-09-17,92678586,65,3129
4006,Ad Variation 2,5002,Google Search Prospecting,2024-09-18,121999293,82,3119
4006,Ad Variation 2,5002,Google Search Prospecting,2024-09-19,65143341,141,2114
4006,Ad Variation 2,5002,Google Search Prospecting,2024-09-20,78300566,109,2553
4006,Ad Variation 2,5002,Google Search Prospecting,2024-09-21,98161548,29,2971
4006,Ad Variation 2,5002,Google Search Prospecting,2024-09-22,63774258,97,3970
4006,Ad Variation 2,5002,Google Search Prospecting,2024-09-23,107059278,73,3615
4006,Ad Variation 2,5002,Google Search Prospecting,2024-09-24,49884262,130,3199
4006,Ad Variation 2,5002,Google Search Prospecting,2024-09-25,86119571,46,2377
4006,Ad Variation 2,5002,Google Search Prospecting,2024-09-27,43450700,56,3973
4006,Ad Variation 2,5002,Google Search Prospecting,2024-09-28,98149963,88,4144
4006,Ad Variation 2,5002,Google Search Prospecting,2024-09-29,140473136,33,2994
4006,Ad Variation 2,5002,Google Search Prospecting,2024-09-30,147434574,81,2222
4006,Ad Variation 2,5002,Google Search Prospecting,2024-10-02,68310598,138,2911
4006,Ad Variation 2,5002,Google Search Prospecting,2024-10-03,26838823,32,1449
4006,Ad Variation 2,5002,Google Search Prospecting,2024-10-04,64697978,84,2893
4006,Ad Variation 2,5002,Google Search Prospecting,2024-10-05,50697766,93,3517
4006,Ad Variation 2,5002,Google Search Prospecting,2024-10-07,29631001,87,3843
4006,Ad Variation 2,5002,Google Search Prospecting,2024-10-08,37916976,64,2443
4006,Ad Variation 2,5002,Google Search Prospecting,2024-10-10,87173492,106,2643
4006,Ad Variation 2,5002,Google Search Prospecting,2024-10-11,49964212,107,2107
4006,Ad Variation 2,5002,Google Search Prospecting,2024-10-12,118143875,144,2265
4006,Ad Variation 2,5002,Google Search Prospecting,2024-10-13,91667869,104,4586
4006,Ad Variation 2,5002,Google Search Prospecting,2024-10-14,82759270,74,3537
4006,Ad Variation 2,5002,Google Search Prospecting,2024-10-15,40353937,80,4525
4006,Ad Variation 2,5002,Google Search Prospecting,2024-10-16,69220130,115,2431
4006,Ad Variation 2,5002,Google Search Prospecting,2024-10-17,131936222,108,2990
4006,Ad Variation 2,5002,Google Search Prospecting,2024-10-18,60454816,144,2483
4006,Ad Variation 2,5002,Google Search Prospecting,2024-10-20,74866081,123,1181
4006,Ad Variation 2,5002,Google Search Prospecting,2024-10-21,140517618,87,3572
4006,Ad Variation 2,5002,Google Search Prospecting,2024-10-22,124246191,69,2681
4006,Ad Variation 2,5002,Google Search Prospecting,2024-10-23,48642727,97,2818
4006,Ad Variation 2,5002,Google Search Prospecting,2024-10-24,22448519,139,1416
4006,Ad Variation 2,5002,Google Search Prospecting,2024-10-25,128295422,133,3595
4006,Ad Variation 2,5002,Google Search Prospecting,2024-10-26,54156455,146,3742
4006,Ad Variation 2,5002,Google Search Prospecting,2024-10-27,116685654,82,4990
4006,Ad Variation 2,5002,Google Search Prospecting,2024-10-28,94621165,109,3923
4006,Ad Variation 2,5002,Google Search Prospecting,2024-10-29,65640153,30,3122
4006,Ad Variation 2,5002,Google Search Prospecting,2024-10-30,87016752,92,2527
4007,Ad Variation 3,5002,Google Search Prospecting,2024-09-01,74012161,29,1502
4007,Ad Variation 3,5002,Google Search Prospecting,2024-09-02,45630687,119,1412
4007,Ad Variation 3,5002,Google Search Prospecting,2024-09-03,81755903,109,3522
4007,Ad Variation 3,5002,Google Search Prospecting,2024-09-04,108456661,30,4104
4007,Ad Variation 3,5002,Google Search Prospecting,2024-09-05,120623657,29,4850
4007,Ad Variation 3,5002,Google Search Prospecting,2024-09-06,96877042,89,3353
4007,Ad Variation 3,5002,Google Search Prospecting,2024-09-07,92879693,130,3870
4007,Ad Variation 3,5002,Google Search Prospecting,2024-09-08,146722908,100,2285
4007,Ad Variation 3,5002,Google Search Prospecting,2024-09-09,73401001,59,1449
4007,Ad Variation 3,5002,Google Search Prospecting,2024-09-10,69011649,80,3722
4007,Ad Variation 3,5002,Google Search Prospecting,2024-09-11,126228117,128,2823
4007,Ad Variation 3,5002,Google Search Prospecting,2024-09-12,53552643,110,1810
4007,Ad Variation 3,5002,Google Search Prospecting,2024-09-13,85338134,81,2507
4007,Ad Variation 3,5002,Google Search Prospecting,2024-09-15,114386062,124,1186
4007,Ad Variation 3,5002,Google Search Prospecting,2024-09-16,80995860,52,1544
4007,Ad Variation 3,5002,Google Search Prospecting,2024-09-17,48776112,89,4191
4007,Ad Variation 3,5002,Google Search Prospecting,2024-09-18,48673093,79,4280
4007,Ad Variation 3,5002,Google Search Prospecting,2024-09-19,34290225,69,3507
4007,Ad Variation 3,5002,Google Search Prospecting,2024-09-20,56521309,68,1193
4007,Ad Variation 3,5002,Google Search Prospecting,2024-09-21,142242227,99,1675
4007,Ad Variation 3,5002,Google Search Prospecting,2024-09-22,61574746,78,2770
4007,Ad Variation 3,5002,Google Search Prospecting,2024-09-23,110244254,77,2284
4007,Ad Variation 3,5002,Google Search Prospecting,2024-09-24,123601444,125,2808
4007,Ad Variation 3,5002,Google Search Prospecting,2024-09-25,138707384,36,4894
4007,Ad Variation 3,5002,Google Search Prospecting,2024-09-26,89814700,25,1802
4007,Ad Variation 3,5002,Google Search Prospecting,2024-09-27,134642632,22,3720
4007,Ad Variation 3,5002,Google Search Prospecting,2024-09-28,81240454,78,4295
4007,Ad Variation 3,5002,Google Search Prospecting,2024-09-29,104408230,131,4454
4007,Ad Variation 3,5002,Google Search Prospecting,2024-09-30,129220907,59,2596
4007,Ad Variation 3,5002,Google Search Prospecting,2024-10-01,88943105,64,4990
4007,Ad Variation 3,5002,Google Search Prospecting,2024-10-02,44357127,126,1971
4007,Ad Variation 3,5002,Google Search Prospecting,2024-10-04,99362602,87,3898
4007,Ad Variation 3,5002,Google Search Prospecting,2024-10-05,29168351,56,4630
4007,Ad Variation 3,5002,Google Search Prospecting,2024-10-06,122486955,119,2757
4007,Ad Variation 3,5002,Google Search Prospecting,2024-10-08,128749628,52,3753
4007,Ad Variation 3,5002,Google Search Prospecting,2024-10-09,46323326,62,1309
4007,Ad Variation 3,5002,Google Search Prospecting,2024-10-10,108271620,62,2320
4007,Ad Variation 3,5002,Google Search Prospecting,2024-10-12,31087507,47,3398
4007,Ad Variation 3,5002,Google Search Prospecting,2024-10-13,106155859,57,4452
4007,Ad Variation 3,5002,Google Search Prospecting,2024-10-14,103040008,98,2615
4007,Ad Variation 3,5002,Google Search Prospecting,2024-10-16,80599967,87,3577
4007,Ad Variation 3,5002,Google Search Prospecting,2024-10-17,70672881,115,3867
4007,Ad Variation 3,5002,Google Search Prospecting,2024-10-18,70302748,101,2147
4007,Ad Variation 3,5002,Google Search Prospecting,2024-10-19,30255700,48,3133
4007,Ad Variation 3,5002,Google Search Prospecting,2024-10-20,123678550,107,1349
4007,Ad Variation 3,5002,Google Search Prospecting,2024-10-21,143663703,135,1768
4007,Ad Variation 3,5002,Google Search Prospecting,2024-10-22,22454882,106,1591
4007,Ad Variation 3,5002,Google Search Prospecting,2024-10-23,94170981,45,3826
4007,Ad Variation 3,5002,Google Search Prospecting,2024-10-24,79667720,129,3101
4007,Ad Variation 3,5002,Google Search Prospecting,2024-10-25,33383788,91,4530
4007,Ad Variation 3,5002,Google Search Prospecting,2024-10-26,30773816,86,2564
4007,Ad Variation 3,5002,Google Search Prospecting,2024-10-27,42254977,27,4875
4007,Ad Variation 3,5002,Google Search Prospecting,2024-10-28,108835472,82,1812
4007,Ad Variation 3,5002,Google Search Prospecting,2024-10-29,55831162,35,4683
4007,Ad Variation 3,5002,Google Search Prospecting,2024-10-30,44774457,133,1692
4008,Ad Variation 4,5002,Google Search Prospecting,2024-09-01,142328490,119,1046
4008,Ad Variation 4,5002,Google Search Prospecting,2024-09-02,88203840,143,4598
4008,Ad Variation 4,5002,Google Search Prospecting,2024-09-03,143498330,94,2919
4008,Ad Variation 4,5002,Google Search Prospecting,2024-09-05,96908094,22,2727
4008,Ad Variation 4,5002,Google Search Prospecting,2024-09-06,84849775,131,1444
4008,Ad Variation 4,5002,Google Search Prospecting,2024-09-08,82415552,116,1591
4008,Ad Variation 4,5002,Google Search Prospecting,2024-09-09,70086907,20,2979
4008,Ad Variation 4,5002,Google Search Prospecting,2024-09-10,84797678,36,3607
4008,Ad Variation 4,5002,Google Search Prospecting,2024-09-11,148642475,44,3043
4008,Ad Variation 4,5002,Google Search Prospecting,2024-09-12,57841202,121,3297
4008,Ad Variation 4,5002,Google Search Prospecting,2024-09-13,60239060,46,3052
4008,Ad Variation 4,5002,Google Search Prospecting,2024-09-14,97081624,76,1183
4008,Ad Variation 4,5002,Google Search Prospecting,2024-09-15,131012848,61,2585
4008,Ad Variation 4,5002,Google Search Prospecting,2024-09-16,107824206,104,4259
4008,Ad Variation 4,5002,Google Search Prospecting,2024-09-17,102511459,129,2913
4008,Ad Variation 4,5002,Google Search Prospecting,2024-09-18,99030395,41,2643
4008,Ad Variation 4,5002,Google Search Prospecting,2024-09-19,116358133,79,3495
4008,Ad Variation 4,5002,Google Search Prospecting,2024-09-20,71929332,84,4260
4008,Ad Variation 4,5002,Google Search Prospecting,2024-09-21,24454734,144,3642
4008,Ad Variation 4,5002,Google Search Prospecting,2024-09-22,60046248,53,2377
4008,Ad Variation 4,5002,Google Search Prospecting,2024-09-23,35366945,135,3796
4008,Ad Variation 4,5002,Google Search Prospecting,2024-09-24,94129978,37,4020
4008,Ad Variation 4,5002,Google Search Prospecting,2024-09-26,33400438,68,2626
4008,Ad Variation 4,5002,Google Search Prospecting,2024-09-28,72514007,138,4909
4008,Ad Variation 4,5002,Google Search Prospecting,2024-09-29,57214819,64,1482
4008,Ad Variation 4,5002,Google Search Prospecting,2024-10-02,53415948,121,3984
4008,Ad Variation 4,5002,Google Search Prospecting,2024-10-03,137390744,107,4901
4008,Ad Variation 4,5002,Google Search Prospecting,2024-10-04,126822589,20,1575
4008,Ad Variation 4,5002,Google Search Prospecting,2024-10-05,76833639,26,3254
4008,Ad Variation 4,5002,Google Search Prospecting,2024-10-06,81135583,113,4246
4008,Ad Variation 4,5002,Google Search Prospecting,2024-10-07,21404526,56,4542
4008,Ad Variation 4,5002,Google Search Prospecting,2024-10-08,100998272,79,1815
4008,Ad Variation 4,5002,Google Search Prospecting,2024-10-09,69399803,79,4096
4008,Ad Variation 4,5002,Google Search Prospecting,2024-10-10,60002590,69,3795
4008,Ad Variation 4,5002,Google Search Prospecting,2024-10-11,105735378,41,1017
4008,Ad Variation 4,5002,Google Search Prospecting,2024-10-12,80214706,81,4626
4008,Ad Variation 4,5002,Google Search Prospecting,2024-10-13,134257275,41,2966
4008,Ad Variation 4,5002,Google Search Prospecting,2024-10-14,143248955,84,2545
4008,Ad Variation 4,5002,Google Search Prospecting,2024-10-15,123547410,108,1500
4008,Ad Variation 4,5002,Google Search Prospecting,2024-10-16,41867339,40,2246
4008,Ad Variation 4,5002,Google Search Prospecting,2024-10-17,128422043,42,1616
4008,Ad Variation 4,5002,Google Search Prospecting,2024-10-19,31647488,104,2505
4008,Ad Variation 4,5002,Google Search Prospecting,2024-10-20,105199533,143,3319
4008,Ad Variation 4,5002,Google Search Prospecting,2024-10-21,145054936,76,2388
4008,Ad Variation 4,5002,Google Search Prospecting,2024-10-22,135739015,136,1409
4008,Ad Variation 4,5002,Google Search Prospecting,2024-10-23,86161853,40,4510
4008,Ad Variation 4,5002,Google Search Prospecting,2024-10-24,23600484,69,1133
4008,Ad Variation 4,5002,Google Search Prospecting,2024-10-25,87151414,135,4717
4008,Ad Variation 4,5002,Google Search Prospecting,2024-10-26,96924129,97,1301
4008,Ad Variation 4,5002,Google Search Prospecting,2024-10-27,142148349,117,1019
4008,Ad Variation 4,5002,Google Search Prospecting,2024-10-28,149275341,120,2037
4008,Ad Variation 4,5002,Google Search Prospecting,2024-10-29,51119594,102,1855
4008,Ad Variation 4,5002,Google Search Prospecting,2024-10-30,71698636,86,1472
4009,Ad Variation 1,5003,Google Display Retargeting,2024-09-02,122632094,22,2048
4009,Ad Variation 1,5003,Google Display Retargeting,2024-09-03,66984688,99,4704
4009,Ad Variation 1,5003,Google Display Retargeting,2024-09-04,127664260,21,2327
4009,Ad Variation 1,5003,Google Display Retargeting,2024-09-05,79601581,125,4113
4009,Ad Variation 1,5003,Google Display Retargeting,2024-09-08,127470066,27,2964
4009,Ad Variation 1,5003,Google Display Retargeting,2024-09-09,147667443,128,3255
4009,Ad Variation 1,5003,Google Display Retargeting,2024-09-10,148927571,134,3229
4009,Ad Variation 1,5003,Google Display Retargeting,2024-09-11,111098344,66,1172
4009,Ad Variation 1,5003,Google Display Retargeting,2024-09-12,99200771,53,1691
4009,Ad Variation 1,5003,Google Display Retargeting,2024-09-13,139146926,39,4756
4009,Ad Variation 1,5003,Google Display Retargeting,2024-09-14,141059613,43,3545
4009,Ad Variation 1,5003,Google Display Retargeting,2024-09-17,149447370,126,4778
4009,Ad Variation 1,5003,Google Display Retargeting,2024-09-18,99438978,53,3211
4009,Ad Variation 1,5003,Google Display Retargeting,2024-09-19,95948482,143,1653
4009,Ad Variation 1,5003,Google Display Retargeting,2024-09-21,47243875,39,2030
4009,Ad Variation 1,5003,Google Display Retargeting,2024-09-22,128121207,99,3324
4009,Ad Variation 1,5003,Google Display Retargeting,2024-09-23,74853689,64,3360
4009,Ad Variation 1,5003,Google Display Retargeting,2024-09-24,83604365,120,2268
4009,Ad Variation 1,5003,Google Display Retargeting,2024-09-25,77325773,22,1960
4009,Ad Variation 1,5003,Google Display Retargeting,2024-09-26,44528463,149,1027
4009,Ad Variation 1,5003,Google Display Retargeting,2024-09-27,22601963,102,1321
4009,Ad Variation 1,5003,Google Display Retargeting,2024-09-28,43997786,144,2278
4009,Ad Variation 1,5003,Google Display Retargeting,2024-09-29,30641856,58,4846
4009,Ad Variation 1,5003,Google Display Retargeting,2024-09-30,111416448,60,3992
4009,Ad Variation 1,5003,Google Display Retargeting,2024-10-01,120951125,20,1336
4009,Ad Variation 1,5003,Google Display Retargeting,2024-10-02,85645672,112,2218
4009,Ad Variation 1,5003,Google Display Retargeting,2024-10-03,56452326,37,2631
4009,Ad Variation 1,5003,Google Display Retargeting,2024-10-04,86879246,55,3697
4009,Ad Variation 1,5003,Google Display Retargeting,2024-10-06,136560545,88,2662
4009,Ad Variation 1,5003,Google Display Retargeting,2024-10-07,137366175,139,2308
4009,Ad Variation 1,5003,Google Display Retargeting,2024-10-08,22403362,45,2456
4009,Ad Variation 1,5003,Google Display Retargeting,2024-10-09,111395017,134,2035
4009,Ad Variation 1,5003,Google Display Retargeting,2024-10-10,130761388,33,1941
4009,Ad Variation 1,5003,Google Display Retargeting,2024-10-12,84596503,107,2197
4009,Ad Variation 1,5003,Google Display Retargeting,2024-10-13,145091513,68,1826
4009,Ad Variation 1,5003,Google Display Retargeting,2024-10-14,149868447,115,3079
4009,Ad Variation 1,5003,Google Display Retargeting,2024-10-16,51931426,75,2629
4009,Ad Variation 1,5003,Google Display Retargeting,2024-10-17,106471668,22,2745
4009,Ad Variation 1,5003,Google Display Retargeting,2024-10-18,31801031,86,2374
4009,Ad Variation 1,5003,Google Display Retargeting,2024-10-19,99781530,59,1938
4009,Ad Variation 1,5003,Google Display Retargeting,2024-10-20,85152850,39,2097
4009,Ad Variation 1,5003,Google Display Retargeting,2024-10-21,91340076,107,3048
4009,Ad Variation 1,5003,Google Display Retargeting,2024-10-22,103343947,137,1028
4009,Ad Variation 1,5003,Google Display Retargeting,2024-10-23,25943806,47,3316
4009,Ad Variation 1,5003,Google Display Retargeting,2024-10-24,101779452,143,3741
4009,Ad Variation 1,5003,Google Display Retargeting,2024-10-25,102869403,53,2435
4009,Ad Variation 1,5003,Google Display Retargeting,2024-10-26,37541695,31,1488
4009,Ad Variation 1,5003,Google Display Retargeting,2024-10-27,40768503,110,1517
4009,Ad Variation 1,5003,Google Display Retargeting,2024-10-28,114627789,58,4971
4009,Ad Variation 1,5003,Google Display Retargeting,2024-10-29,132981421,20,4405
4009,Ad Variation 1,5003,Google Display Retargeting,2024-10-30,106898625,70,4088
4010,Ad Variation 2,5003,Google Display Retargeting,2024-09-01,65696552,149,1661
4010,Ad Variation 2,5003,Google Display Retargeting,2024-09-02,33843300,107,3193
4010,Ad Variation 2,5003,Google Display Retargeting,2024-09-04,69922823,102,4320
4010,Ad Variation 2,5003,Google Display Retargeting,2024-09-05,77627228,74,4285
4010,Ad Variation 2,5003,Google Display Retargeting,2024-09-06,79543245,41,2156
4010,Ad Variation 2,5003,Google Display Retargeting,2024-09-07,22603456,139,2369
4010,Ad Variation 2,5003,Google Display Retargeting,2024-09-08,81671760,97,3850
4010,Ad Variation 2,5003,Google Display Retargeting,2024-09-13,128810672,139,4386
4010,Ad Variation 2,5003,Google Display Retargeting,2024-09-14,75303799,60,2578
4010,Ad Variation 2,5003,Google Display Retargeting,2024-09-15,100703795,40,3118
4010,Ad Variation 2,5003,Google Display Retargeting,2024-09-17,29407303,65,2230
4010,Ad Variation 2,5003,Google Display Retargeting,2024-09-18,147838314,140,3980
4010,Ad Variation 2,5003,Google Display Retargeting,2024-09-19,121968555,131,3901
4010,Ad Variation 2,5003,Google Display Retargeting,2024-09-20,84426718,63,4612
4010,Ad Variation 2,5003,Google Display Retargeting,2024-09-21,59871655,68,3602
4010,Ad Variation 2,5003,Google Display Retargeting,2024-09-22,104512148,107,4522
4010,Ad Variation 2,5003,Google Display Retargeting,2024-09-23,140357832,138,3125
4010,Ad Variation 2,5003,Google Display Retargeting,2024-09-24,101013993,116,2482
4010,Ad Variation 2,5003,Google Display Retargeting,2024-09-25,65306327,123,4082
4010,Ad Variation 2,5003,Google Display Retargeting,2024-09-26,61256541,77,4663
4010,Ad Variation 2,5003,Google Display Retargeting,2024-09-27,110778023,31,4419
4010,Ad Variation 2,5003,Google Display Retargeting,2024-09-28,142915186,32,4124
4010,Ad Variation 2,5003,Google Display Retargeting,2024-09-29,56267057,24,3624
4010,Ad Variation 2,5003,Google Display Retargeting,2024-09-30,59327336,140,3380
4010,Ad Variation 2,5003,Google Display Retargeting,2024-10-03,116770309,32,3324
4010,Ad Variation 2,5003,Google Display Retargeting,2024-10-04,100719546,36,2716
4010,Ad Variation 2,5003,Google Display Retargeting,2024-10-05,84817663,78,2957
4010,Ad Variation 2,5003,Google Display Retargeting,2024-10-06,58652540,62,2660
4010,Ad Variation 2,5003,Google Display Retargeting,2024-10-07,124583242,55,1515
4010,Ad Variation 2,5003,Google Display Retargeting,2024-10-08,99711823,59,4779
4010,Ad Variation 2,5003,Google Display Retargeting,2024-10-09,75377078,79,1217
4010,Ad Variation 2,5003,Google Display Retargeting,2024-10-10,31345233,88,4780
4010,Ad Variation 2,5003,Google Display Retargeting,2024-10-11,27871521,45,3780
4010,Ad Variation 2,5003,Google Display Retargeting,2024-10-12,82647598,81,1445
4010,Ad Variation 2,5003,Google Display Retargeting,2024-10-14,81755566,67,4357
4010,Ad Variation 2,5003,Google Display Retargeting,2024-10-15,61706698,36,2059
4010,Ad Variation 2,5003,Google Display Retargeting,2024-10-16,136270602,104,2724
4010,Ad Variation 2,5003,Google Display Retargeting,2024-10-17,125758135,23,4599
4010,Ad Variation 2,5003,Google Display Retargeting,2024-10-18,28828215,88,1515
4010,Ad Variation 2,5003,Google Display Retargeting,2024-10-20,49182644,104,3501
4010,Ad Variation 2,5003,Google Display Retargeting,2024-10-21,118913330,89,2836
4010,Ad Variation 2,5003,Google Display Retargeting,2024-10-22,41955860,60,3356
4010,Ad Variation 2,5003,Google Display Retargeting,2024-10-23,52528619,102,3525
4010,Ad Variation 2,5003,Google Display Retargeting,2024-10-24,75759211,143,4225
4010,Ad Variation 2,5003,Google Display Retargeting,2024-10-25,145391470,41,2445
4010,Ad Variation 2,5003,Google Display Retargeting,2024-10-26,99876792,25,4234
4010,Ad Variation 2,5003,Google Display Retargeting,2024-10-27,77884912,61,4038
4010,Ad Variation 2,5003,Google Display Retargeting,2024-10-28,117790240,80,2649
4010,Ad Variation 2,5003,Google Display Retargeting,2024-10-29,25731910,71,1586
4010,Ad Variation 2,5003,Google Display Retargeting,2024-10-30,22133958,29,3880
4011,Ad Variation 3,5003,Google Display Retargeting,2024-09-02,60347727,136,2665
4011,Ad Variation 3,5003,Google Display Retargeting,2024-09-03,132838327,99,2233
4011,Ad Variation 3,5003,Google Display Retargeting,2024-09-04,87543479,145,2021
4011,Ad Variation 3,5003,Google Display Retargeting,2024-09-05,114712739,103,2302
4011,Ad Variation 3,5003,Google Display Retargeting,2024-09-06,145941918,33,3926
4011,Ad Variation 3,5003,Google Display Retargeting,2024-09-08,53364420,51,2640
4011,Ad Variation 3,5003,Google Display Retargeting,2024-09-09,100354946,56,3965
4011,Ad Variation 3,5003,Google Display Retargeting,2024-09-10,28209448,130,2814
4011,Ad Variation 3,5003,Google Display Retargeting,2024-09-12,55921960,77,3547
4011,Ad Variation 3,5003,Google Display Retargeting,2024-09-13,148306486,79,3801
4011,Ad Variation 3,5003,Google Display Retargeting,2024-09-14,98850510,24,2135
4011,Ad Variation 3,5003,Google Display Retargeting,2024-09-15,48455725,66,4240
4011,Ad Variation 3,5003,Google Display Retargeting,2024-09-17,88905255,140,3285
4011,Ad Variation 3,5003,Google Display Retargeting,2024-09-18,64878903,136,1811
4011,Ad Variation 3,5003,Google Display Retargeting,2024-09-19,127125015,150,1403
4011,Ad Variation 3,5003,Google Display Retargeting,2024-09-21,145393416,143,1952
4011,Ad Variation 3,5003,Google Display Retargeting,2024-09-22,53360099,73,1206
4011,Ad Variation 3,5003,Google Display Retargeting,2024-09-23,50870449,128,2270
4011,Ad Variation 3,5003,Google Display Retargeting,2024-09-24,43986503,59,2200
4011,Ad Variation 3,5003,Google Display Retargeting,2024-09-25,145279451,84,1088
4011,Ad Variation 3,5003,Google Display Retargeting,2024-09-26,92307608,115,1781
4011,Ad Variation 3,5003,Google Display Retargeting,2024-09-27,81557118,60,1225
4011,Ad Variation 3,5003,Google Display Retargeting,2024-09-28,66552177,31,2327
4011,Ad Variation 3,5003,Google Display Retargeting,2024-09-30,36846136,83,4364
4011,Ad Variation 3,5003,Google Display Retargeting,2024-10-01,32863102,27,2996
4011,Ad Variation 3,5003,Google Display Retargeting,2024-10-02,69075036,111,2328
4011,Ad Variation 3,5003,Google Display Retargeting,2024-10-03,86928515,33,4293
4011,Ad Variation 3,5003,Google Display Retargeting,2024-10-04,149702421,88,3597
4011,Ad Variation 3,5003,Google Display Retargeting,2024-10-06,40385722,58,4667
4011,Ad Variation 3,5003,Google Display Retargeting,2024-10-07,112217914,96,4876
4011,Ad Variation 3,5003,Google Display Retargeting,2024-10-08,61010015,38,1322
4011,Ad Variation 3,5003,Google Display Retargeting,2024-10-09,40974128,115,4330
4011,Ad Variation 3,5003,Google Display Retargeting,2024-10-10,31757659,53,2313
4011,Ad Variation 3,5003,Google Display Retargeting,2024-10-11,127479460,29,4855
4011,Ad Variation 3,5003,Google Display Retargeting,2024-10-12,89373453,39,3401
4011,Ad Variation 3,5003,Google Display Retargeting,2024-10-13,53482786,108,4700
4011,Ad Variation 3,5003,Google Display Retargeting,2024-10-14,116032358,77,3986
4011,Ad Variation 3,5003,Google Display Retargeting,2024-10-15,102039293,85,4815
4011,Ad Variation 3,5003,Google Display Retargeting,2024-10-16,29178028,140,1450
4011,Ad Variation 3,5003,Google Display Retargeting,2024-10-17,86734716,100,2466
4011,Ad Variation 3,5003,Google Display Retargeting,2024-10-18,36277453,120,2770
4011,Ad Variation 3,5003,Google Display Retargeting,2024-10-19,43310618,53,2137
4011,Ad Variation 3,5003,Google Display Retargeting,2024-10-20,22342022,130,1492
4011,Ad Variation 3,5003,Google Display Retargeting,2024-10-21,38002338,39,3749
4011,Ad Variation 3,5003,Google Display Retargeting,2024-10-22,92000660,113,4652
4011,Ad Variation 3,5003,Google Display Retargeting,2024-10-24,62405116,53,1037
4011,Ad Variation 3,5003,Google Display Retargeting,2024-10-26,78494557,38,2280
4011,Ad Variation 3,5003,Google Display Retargeting,2024-10-27,40648422,34,2287
4011,Ad Variation 3,5003,Google Display Retargeting,2024-10-28,108520680,118,3051
4011,Ad Variation 3,5003,Google Display Retargeting,2024-10-29,109609744,127,3439
4011,Ad Variation 3,5003,Google Display Retargeting,2024-10-30,137744442,39,2253
4012,Ad Variation 1,5004,Google Video Awareness,2024-09-01,49984459,100,1644
4012,Ad Variation 1,5004,Google Video Awareness,2024-09-02,103008473,77,1072
4012,Ad Variation 1,5004,Google Video Awareness,2024-09-03,115813944,91,1435
4012,Ad Variation 1,5004,Google Video Awareness,2024-09-04,96254307,125,2286
4012,Ad Variation 1,5004,Google Video Awareness,2024-09-06,72007482,59,3097
4012,Ad Variation 1,5004,Google Video Awareness,2024-09-07,113037989,69,2471
4012,Ad Variation 1,5004,Google Video Awareness,2024-09-08,101287012,116,1642
4012,Ad Variation 1,5004,Google Video Awareness,2024-09-09,40830979,135,4186
4012,Ad Variation 1,5004,Google Video Awareness,2024-09-10,74253550,34,1017
4012,Ad Variation 1,5004,Google Video Awareness,2024-09-11,53529159,29,1531
4012,Ad Variation 1,5004,Google Video Awareness,2024-09-12,148033360,93,1159
4012,Ad Variation 1,5004,Google Video Awareness,2024-09-13,119798674,139,2849
4012,Ad Variation 1,5004,Google Video Awareness,2024-09-16,68241304,40,3700
4012,Ad Variation 1,5004,Google Video Awareness,2024-09-17,95680278,31,4383
4012,Ad Variation 1,5004,Google Video Awareness,2024-09-18,143886685,62,4162
4012,Ad Variation 1,5004,Google Video Awareness,2024-09-21,29321385,125,2648
4012,Ad Variation 1,5004,Google Video Awareness,2024-09-22,115245984,49,4480
4012,Ad Variation 1,5004,Google Video Awareness,2024-09-23,97727463,52,2998
4012,Ad Variation 1,5004,Google Video Awareness,2024-09-24,59448319,90,2990
4012,Ad Variation 1,5004,Google Video Awareness,2024-09-25,24515818,117,4275
4012,Ad Variation 1,5004,Google Video Awareness,2024-09-26,31126328,103,1575
4012,Ad Variation 1,5004,Google Video Awareness,2024-09-27,102073994,102,4396
4012,Ad Variation 1,5004,Google Video Awareness,2024-09-28,128987222,92,2240
4012,Ad Variation 1,5004,Google Video Awareness,2024-09-29,21988189,57,1655
4012,Ad Variation 1,5004,Google Video Awareness,2024-09-30,54832400,58,2028
4012,Ad Variation 1,5004,Google Video Awareness,2024-10-01,132258653,120,1783
4012,Ad Variation 1,5004,Google Video Awareness,2024-10-02,52791587,138,1961
4012,Ad Variation 1,5004,Google Video Awareness,2024-10-03,60292620,113,1170
4012,Ad Variation 1,5004,Google Video Awareness,2024-10-04,29888274,48,4741
4012,Ad Variation 1,5004,Google Video Awareness,2024-10-05,113341735,59,2557
4012,Ad Variation 1,5004,Google Video Awareness,2024-10-06,104731443,51,4768
4012,Ad Variation 1,5004,Google Video Awareness,2024-10-07,36310364,83,3742
4012,Ad Variation 1,5004,Google Video Awareness,2024-10-08,20859143,118,1349
4012,Ad Variation 1,5004,Google Video Awareness,2024-10-09,80961703,43,4577
4012,Ad Variation 1,5004,Google Video Awareness,2024-10-10,131845307,51,4403
4012,Ad Variation 1,5004,Google Video Awareness,2024-10-11,97867908,52,4004
4012,Ad Variation 1,5004,Google Video Awareness,2024-10-12,147240284,116,4917
4012,Ad Variation 1,5004,Google Video Awareness,2024-10-13,100429634,56,4638
4012,Ad Variation 1,5004,Google Video Awareness,2024-10-14,85256927,124,3294
4012,Ad Variation 1,5004,Google Video Awareness,2024-10-15,124295584,74,2185
4012,Ad Variation 1,5004,Google Video Awareness,2024-10-16,26075564,76,2072
4012,Ad Variation 1,5004,Google Video Awareness,2024-10-17,32513974,70,4095
4012,Ad Variation 1,5004,Google Video Awareness,2024-10-18,33910943,48,4866
4012,Ad Variation 1,5004,Google Video Awareness,2024-10-21,61882705,22,4886
4012,Ad Variation 1,5004,Google Video Awareness,2024-10-24,51065481,60,2289
4012,Ad Variation 1,5004,Google Video Awareness,2024-10-25,79718067,20,2268
4012,Ad Variation 1,5004,Google Video Awareness,2024-10-26,25174414,148,2479
4012,Ad Variation 1,5004,Google Video Awareness,2024-10-27,96842955,90,4245
4012,Ad Variation 1,5004,Google Video Awareness,2024-10-28,141163032,118,2856
4012,Ad Variation 1,5004,Google Video Awareness,2024-10-29,108661834,148,2879
4012,Ad Variation 1,5004,Google Video Awareness,2024-10-30,29289070,25,1810
4013,Ad Variation 2,5004,Google Video Awareness,2024-09-01,128625657,110,4124
4013,Ad Variation 2,5004,Google Video Awareness,2024-09-03,83592528,52,4876
4013,Ad Variation 2,5004,Google Video Awareness,2024-09-04,81434761,103,3709
4013,Ad Variation 2,5004,Google Video Awareness,2024-09-06,126107097,33,2863
4013,Ad Variation 2,5004,Google Video Awareness,2024-09-07,23667014,76,1879
4013,Ad Variation 2,5004,Google Video Awareness,2024-09-10,102978349,135,1015
4013,Ad Variation 2,5004,Google Video Awareness,2024-09-11,50825851,83,3492
4013,Ad Variation 2,5004,Google Video Awareness,2024-09-12,50703561,120,4062
4013,Ad Variation 2,5004,Google Video Awareness,2024-09-14,31940221,67,4341
4013,Ad Variation 2,5004,Google Video Awareness,2024-09-15,149314994,96,1290
4013,Ad Variation 2,5004,Google Video Awareness,2024-09-16,71715208,24,1918
4013,Ad Variation 2,5004,Google Video Awareness,2024-09-17,121881662,135,2436
4013,Ad Variation 2,5004,Google Video Awareness,2024-09-18,28773494,31,2424
4013,Ad Variation 2,5004,Google Video Awareness,2024-09-19,147231903,121,1988
4013,Ad Variation 2,5004,Google Video Awareness,2024-09-20,132275262,29,1332
4013,Ad Variation 2,5004,Google Video Awareness,2024-09-21,91647492,123,3637
4013,Ad Variation 2,5004,Google Video Awareness,2024-09-22,74627111,44,1678
4013,Ad Variation 2,5004,Google Video Awareness,2024-09-23,73172340,29,2591
4013,Ad Variation 2,5004,Google Video Awareness,2024-09-25,57701601,132,2190
4013,Ad Variation 2,5004,Google Video Awareness,2024-09-27,100456428,96,4591
4013,Ad Variation 2,5004,Google Video Awareness,2024-09-28,124004968,89,3083
4013,Ad Variation 2,5004,Google Video Awareness,2024-09-29,29306171,139,1049
4013,Ad Variation 2,5004,Google Video Awareness,2024-10-01,128464516,47,1103
4013,Ad Variation 2,5004,Google Video Awareness,2024-10-04,82885745,21,4086
4013,Ad Variation 2,5004,Google Video Awareness,2024-10-05,85268280,76,3678
4013,Ad Variation 2,5004,Google Video Awareness,2024-10-06,97057351,99,3439
4013,Ad Variation 2,5004,Google Video Awareness,2024-10-07,47110493,29,2819
4013,Ad Variation 2,5004,Google Video Awareness,2024-10-08,34850932,38,2811
4013,Ad Variation 2,5004,Google Video Awareness,2024-10-09,114420062,128,4408
4013,Ad Variation 2,5004,Google Video Awareness,2024-10-10,24900781,91,3523
4013,Ad Variation 2,5004,Google Video Awareness,2024-10-11,143737154,43,2097
4013,Ad Variation 2,5004,Google Video Awareness,2024-10-12,31560307,111,2368
4013,Ad Variation 2,5004,Google Video Awareness,2024-10-13,76757196,134,2144
4013,Ad Variation 2,5004,Google Video Awareness,2024-10-14,51312125,97,3718
4013,Ad Variation 2,5004,Google Video Awareness,2024-10-15,74647700,107,2532
4013,Ad Variation 2,5004,Google Video Awareness,2024-10-17,34616039,142,4179
4013,Ad Variation 2,5004,Google Video Awareness,2024-10-18,129863051,74,3977
4013,Ad Variation 2,5004,Google Video Awareness,2024-10-19,52722697,20,4589
4013,Ad Variation 2,5004,Google Video Awareness,2024-10-21,102837679,66,2575
4013,Ad Variation 2,5004,Google Video Awareness,2024-10-22,66705573,74,3946
4013,Ad Variation 2,5004,Google Video Awareness,2024-10-23,34987846,142,3652
4013,Ad Variation 2,5004,Google Video Awareness,2024-10-24,51589221,46,2861
4013,Ad Variation 2,5004,Google Video Awareness,2024-10-25,96225604,97,4126
4013,Ad Variation 2,5004,Google Video Awareness,2024-10-26,142545969,59,2118
4013,Ad Variation 2,5004,Google Video Awareness,2024-10-27,116322283,58,4805
4013,Ad Variation 2,5004,Google Video Awareness,2024-10-29,128956254,109,4464
4013,Ad Variation 2,5004,Google Video Awareness,2024-10-30,135135003,104,4972
4014,Ad Variation 3,5004,Google Video Awareness,2024-09-01,132151472,59,4546
4014,Ad Variation 3,5004,Google Video Awareness,2024-09-02,128994205,119,3266
4014,Ad Variation 3,5004,Google Video Awareness,2024-09-03,32413633,86,3872
4014,Ad Variation 3,5004,Google Video Awareness,2024-09-04,144203537,81,2120
4014,Ad Variation 3,5004,Google Video Awareness,2024-09-05,126170369,51,4664
4014,Ad Variation 3,5004,Google Video Awareness,2024-09-06,143132818,119,2803
4014,Ad Variation 3,5004,Google Video Awareness,2024-09-08,69028567,113,3290
4014,Ad Variation 3,5004,Google Video Awareness,2024-09-09,84114593,78,4378
4014,Ad Variation 3,5004,Google Video Awareness,2024-09-10,101540617,52,1485
4014,Ad Variation 3,5004,Google Video Awareness,2024-09-12,38286828,106,1100
4014,Ad Variation 3,5004,Google Video Awareness,2024-09-13,128913254,68,4827
4014,Ad Variation 3,5004,Google Video Awareness,2024-09-15,72767017,97,2641
4014,Ad Variation 3,5004,Google Video Awareness,2024-09-16,99527979,134,1063
4014,Ad Variation 3,5004,Google Video Awareness,2024-09-17,59724506,103,2477
4014,Ad Variation 3,5004,Google Video Awareness,2024-09-18,133676381,79,3454
4014,Ad Variation 3,5004,Google Video Awareness,2024-09-19,53626562,53,2947
4014,Ad Variation 3,5004,Google Video Awareness,2024-09-20,33295108,121,2628
4014,Ad Variation 3,5004,Google Video Awareness,2024-09-22,40255526,112,2319
4014,Ad Variation 3,5004,Google Video Awareness,2024-09-23,131904163,34,2348
4014,Ad Variation 3,5004,Google Video Awareness,2024-09-24,144005980,64,2595
4014,Ad Variation 3,5004,Google Video Awareness,2024-09-26,109497613,40,4210
4014,Ad Variation 3,5004,Google Video Awareness,2024-09-28,109553066,34,1340
4014,Ad Variation 3,5004,Google Video Awareness,2024-09-29,76926086,38,2700
4014,Ad Variation 3,5004,Google Video Awareness,2024-09-30,98573718,137,1788
4014,Ad Variation 3,5004,Google Video Awareness,2024-10-01,125734216,84,4964
4014,Ad Variation 3,5004,Google Video Awareness,2024-10-02,103682955,40,1570
4014,Ad Variation 3,5004,Google Video Awareness,2024-10-05,110272957,55,3683
4014,Ad Variation 3,5004,Google Video Awareness,2024-10-06,91250258,97,3727
4014,Ad Variation 3,5004,Google Video Awareness,2024-10-08,103818096,33,4130
4014,Ad Variation 3,5004,Google Video Awareness,2024-10-09,147521846,123,2958
4014,Ad Variation 3,5004,Google Video Awareness,2024-10-10,110443124,75,1301
4014,Ad Variation 3,5004,Google Video Awareness,2024-10-11,109296467,87,3167
4014,Ad Variation 3,5004,Google Video Awareness,2024-10-12,110767292,139,4885
4014,Ad Variation 3,5004,Google Video Awareness,2024-10-13,104306133,125,4506
4014,Ad Variation 3,5004,Google Video Awareness,2024-10-15,62548353,127,1287
4014,Ad Variation 3,5004,Google Video Awareness,2024-10-16,36971186,38,4162
4014,Ad Variation 3,5004,Google Video Awareness,2024-10-18,137948721,55,1085
4014,Ad Variation 3,5004,Google Video Awareness,2024-10-19,120750927,40,3155
4014,Ad Variation 3,5004,Google Video Awareness,2024-10-20,73369699,93,1497
4014,Ad Variation 3,5004,Google Video Awareness,2024-10-21,28473232,77,4393
4014,Ad Variation 3,5004,Google Video Awareness,2024-10-22,45445439,125,2072
4014,Ad Variation 3,5004,Google Video Awareness,2024-10-23,112647532,131,3488
4014,Ad Variation 3,5004,Google Video Awareness,2024-10-24,88013886,68,2297
4014,Ad Variation 3,5004,Google Video Awareness,2024-10-26,28874155,125,4471
4014,Ad Variation 3,5004,Google Video Awareness,2024-10-27,56764256,23,4426
4014,Ad Variation 3,5004,Google Video Awareness,2024-10-28,50243036,37,3920
4014,Ad Variation 3,5004,Google Video Awareness,2024-10-29,50617207,65,2406
4014,Ad Variation 3,5004,Google Video Awareness,2024-10-30,140755590,58,4627
4015,Ad Variation 4,5004,Google Video Awareness,2024-09-02,128051078,136,4733
4015,Ad Variation 4,5004,Google Video Awareness,2024-09-03,71074449,81,2888
4015,Ad Variation 4,5004,Google Video Awareness,2024-09-04,101203522,102,4463
4015,Ad Variation 4,5004,Google Video Awareness,2024-09-07,141735137,126,4119
4015,Ad Variation 4,5004,Google Video Awareness,2024-09-08,60437758,91,4113
4015,Ad Variation 4,5004,Google Video Awareness,2024-09-10,120259678,129,4140
4015,Ad Variation 4,5004,Google Video Awareness,2024-09-11,92763265,131,3077
4015,Ad Variation 4,5004,Google Video Awareness,2024-09-12,138620787,49,1304
4015,Ad Variation 4,5004,Google Video Awareness,2024-09-13,49871880,76,1189
4015,Ad Variation 4,5004,Google Video Awareness,2024-09-14,23262588,26,2312
4015,Ad Variation 4,5004,Google Video Awareness,2024-09-15,84277245,41,4444
4015,Ad Variation 4,5004,Google Video Awareness,2024-09-16,114285338,109,3432
4015,Ad Variation 4,5004,Google Video Awareness,2024-09-17,124922723,34,4157
4015,Ad Variation 4,5004,Google Video Awareness,2024-09-18,72164584,62,4194
4015,Ad Variation 4,5004,Google Video Awareness,2024-09-19,84278105,33,1703
4015,Ad Variation 4,5004,Google Video Awareness,2024-09-21,112354606,58,1064
4015,Ad Variation 4,5004,Google Video Awareness,2024-09-22,55761862,119,4906
4015,Ad Variation 4,5004,Google Video Awareness,2024-09-23,42588689,49,2689
4015,Ad Variation 4,5004,Google Video Awareness,2024-09-24,117237808,121,2619
4015,Ad Variation 4,5004,Google Video Awareness,2024-09-25,49039901,57,1779
4015,Ad Variation 4,5004,Google Video Awareness,2024-09-26,59856856,38,3192
4015,Ad Variation 4,5004,Google Video Awareness,2024-09-27,43516166,101,2411
4015,Ad Variation 4,5004,Google Video Awareness,2024-09-28,99112926,145,2918
4015,Ad Variation 4,5004,Google Video Awareness,2024-09-29,116835933,136,4973
4015,Ad Variation 4,5004,Google Video Awareness,2024-10-01,100751332,111,5000
4015,Ad Variation 4,5004,Google Video Awareness,2024-10-02,97694485,100,4127
4015,Ad Variation 4,5004,Google Video Awareness,2024-10-03,95742423,57,2043
4015,Ad Variation 4,5004,Google Video Awareness,2024-10-04,56162597,41,1301
4015,Ad Variation 4,5004,Google Video Awareness,2024-10-05,110652331,75,2603
4015,Ad Variation 4,5004,Google Video Awareness,2024-10-07,49315566,128,1607
4015,Ad Variation 4,5004,Google Video Awareness,2024-10-09,107635588,138,4534
4015,Ad Variation 4,5004,Google Video Awareness,2024-10-10,33879465,61,2494
4015,Ad Variation 4,5004,Google Video Awareness,2024-10-12,134106854,61,1840
4015,Ad Variation 4,5004,Google Video Awareness,2024-10-13,126902096,23,3224
4015,Ad Variation 4,5004,Google Video Awareness,2024-10-14,73408287,83,1131
4015,Ad Variation 4,5004,Google Video Awareness,2024-10-15,88204548,57,3367
4015,Ad Variation 4,5004,Google Video Awareness,2024-10-17,105562972,55,3094
4015,Ad Variation 4,5004,Google Video Awareness,2024-10-18,149056866,63,4274
4015,Ad Variation 4,5004,Google Video Awareness,2024-10-19,139182126,140,3797
4015,Ad Variation 4,5004,Google Video Awareness,2024-10-20,90432631,71,1340
4015,Ad Variation 4,5004,Google Video Awareness,2024-10-21,79240585,78,3933
4015,Ad Variation 4,5004,Google Video Awareness,2024-10-22,67397903,94,3231
4015,Ad Variation 4,5004,Google Video Awareness,2024-10-23,44681567,20,2933
4015,Ad Variation 4,5004,Google Video Awareness,2024-10-24,28597103,134,4460
4015,Ad Variation 4,5004,Google Video Awareness,2024-10-25,59584387,55,3231
4015,Ad Variation 4,5004,Google Video Awareness,2024-10-26,131347621,37,2789
4015,Ad Variation 4,5004,Google Video Awareness,2024-10-27,41497085,145,3511
4015,Ad Variation 4,5004,Google Video Awareness,2024-10-28,122278263,73,3577
4015,Ad Variation 4,5004,Google Video Awareness,2024-10-29,28888220,60,3558
4015,Ad Variation 4,5004,Google Video Awareness,2024-10-30,63921119,110,2359
4016,Ad Variation 5,5004,Google Video Awareness,2024-09-01,115210640,24,1075
4016,Ad Variation 5,5004,Google Video Awareness,2024-09-04,35411342,97,3820
4016,Ad Variation 5,5004,Google Video Awareness,2024-09-05,54350722,52,1527
4016,Ad Variation 5,5004,Google Video Awareness,2024-09-06,43208690,73,3826
4016,Ad Variation 5,5004,Google Video Awareness,2024-09-07,48159410,127,1043
4016,Ad Variation 5,5004,Google Video Awareness,2024-09-09,52296424,102,1156
4016,Ad Variation 5,5004,Google Video Awareness,2024-09-10,107804396,79,1011
4016,Ad Variation 5,5004,Google Video Awareness,2024-09-11,45555144,89,3796
4016,Ad Variation 5,5004,Google Video Awareness,2024-09-12,129961213,90,1808
4016,Ad Variation 5,5004,Google Video Awareness,2024-09-14,47475896,49,2780
4016,Ad Variation 5,5004,Google Video Awareness,2024-09-15,38997957,27,4540
4016,Ad Variation 5,5004,Google Video Awareness,2024-09-16,136930498,126,3905
4016,Ad Variation 5,5004,Google Video Awareness,2024-09-17,36638686,128,4441
4016,Ad Variation 5,5004,Google Video Awareness,2024-09-19,71741869,140,3977
4016,Ad Variation 5,5004,Google Video Awareness,2024-09-20,21241479,83,1845
4016,Ad Variation 5,5004,Google Video Awareness,2024-09-22,57372680,84,1263
4016,Ad Variation 5,5004,Google Video Awareness,2024-09-24,78504716,120,2080
4016,Ad Variation 5,5004,Google Video Awareness,2024-09-25,20575014,27,3808
4016,Ad Variation 5,5004,Google Video Awareness,2024-09-26,58943255,104,3262
4016,Ad Variation 5,5004,Google Video Awareness,2024-09-27,64184184,44,3006
4016,Ad Variation 5,5004,Google Video Awareness,2024-09-28,39153041,125,4400
4016,Ad Variation 5,5004,Google Video Awareness,2024-09-29,89219348,20,3401
4016,Ad Variation 5,5004,Google Video Awareness,2024-09-30,32870492,50,2469
4016,Ad Variation 5,5004,Google Video Awareness,2024-10-01,129805721,24,3679
4016,Ad Variation 5,5004,Google Video Awareness,2024-10-02,128186689,124,3520
4016,Ad Variation 5,5004,Google Video Awareness,2024-10-03,114634123,126,1404
4016,Ad Variation 5,5004,Google Video Awareness,2024-10-04,123728337,69,1500
4016,Ad Variation 5,5004,Google Video Awareness,2024-10-05,41800801,104,2525
4016,Ad Variation 5,5004,Google Video Awareness,2024-10-06,52821904,61,1545
4016,Ad Variation 5,5004,Google Video Awareness,2024-10-07,94178712,32,2328
4016,Ad Variation 5,5004,Google Video Awareness,2024-10-08,93584618,69,2867
4016,Ad Variation 5,5004,Google Video Awareness,2024-10-09,105357243,97,1962
4016,Ad Variation 5,5004,Google Video Awareness,2024-10-10,56374784,34,4910
4016,Ad Variation 5,5004,Google Video Awareness,2024-10-11,115711818,98,3035
4016,Ad Variation 5,5004,Google Video Awareness,2024-10-13,65615554,70,3440
4016,Ad Variation 5,5004,Google Video Awareness,2024-10-14,123560828,47,1356
4016,Ad Variation 5,5004,Google Video Awareness,2024-10-15,64239781,60,4346
4016,Ad Variation 5,5004,Google Video Awareness,2024-10-16,87986964,131,4419
4016,Ad Variation 5,5004,Google Video Awareness,2024-10-17,79770024,65,2646
4016,Ad Variation 5,5004,Google Video Awareness,2024-10-18,31067060,133,2131
4016,Ad Variation 5,5004,Google Video Awareness,2024-10-19,22507322,80,1081
4016,Ad Variation 5,5004,Google Video Awareness,2024-10-20,149364541,111,4286
4016,Ad Variation 5,5004,Google Video Awareness,2024-10-23,114851488,140,1482
4016,Ad Variation 5,5004,Google Video Awareness,2024-10-24,77950709,37,4273
4016,Ad Variation 5,5004,Google Video Awareness,2024-10-26,130973539,53,1729
4016,Ad Variation 5,5004,Google Video Awareness,2024-10-27,139839461,76,2507
4016,Ad Variation 5,5004,Google Video Awareness,2024-10-29,112896983,95,3706
4016,Ad Variation 5,5004,Google Video Awareness,2024-10-30,100028295,66,1185
