ad_set_id,ad_set_name,campaign_id,date,spend
2001,Interest Targeting,1001,2024-09-02,134.14
2001,Interest Targeting,1001,2024-09-03,101.1
2001,Interest Targeting,1001,2024-09-04,119.55
2001,Interest Targeting,1001,2024-09-05,53.43
2001,Interest Targeting,1001,2024-09-06,88.41
2001,Interest Targeting,1001,2024-09-07,73.17
2001,Interest Targeting,1001,2024-09-08,33.23
2001,Interest Targeting,1001,2024-09-09,88.4
2001,Interest Targeting,1001,2024-09-10,47.77
2001,Interest Targeting,1001,2024-09-11,84.93
2001,Interest Targeting,1001,2024-09-12,189.73
2001,Interest Targeting,1001,2024-09-13,157.04
2001,Interest Targeting,1001,2024-09-14,35.71
2001,Interest Targeting,1001,2024-09-15,120.26
2001,Interest Targeting,1001,2024-09-16,38.59
2001,Interest Targeting,1001,2024-09-17,119.76
2001,Interest Targeting,1001,2024-09-18,161.2
2001,Interest Targeting,1001,2024-09-20,94.49
2001,Interest Targeting,1001,2024-09-21,150.47
2001,Interest Targeting,1001,2024-09-22,198.69
2001,Interest Targeting,1001,2024-09-23,113.8
2001,Interest Targeting,1001,2024-09-24,50.51
2001,Interest Targeting,1001,2024-09-25,68.31
2001,Interest Targeting,1001,2024-09-26,50.1
2001,Interest Targeting,1001,2024-09-27,73.96
2001,Interest Targeting,1001,2024-09-28,85.0
2001,Interest Targeting,1001,2024-09-30,109.24
2001,Interest Targeting,1001,2024-10-01,102.42
2001,Interest Targeting,1001,2024-10-02,21.22
2001,Interest Targeting,1001,2024-10-03,171.49
2001,Interest Targeting,1001,2024-10-04,175.2
2001,Interest Targeting,1001,2024-10-05,97.51
2001,Interest Targeting,1001,2024-10-07,126.99
2001,Interest Targeting,1001,2024-10-08,128.58
2001,Interest Targeting,1001,2024-10-09,106.22
2001,Interest Targeting,1001,2024-10-10,91.68
2001,Interest Targeting,1001,2024-10-11,152.28
2001,Interest Targeting,1001,2024-10-12,194.2
2001,Interest Targeting,1001,2024-10-13,78.66
2001,Interest Targeting,1001,2024-10-14,161.46
2001,Interest Targeting,1001,2024-10-15,187.77
2001,Interest Targeting,1001,2024-10-16,199.51
2001,Interest Targeting,1001,2024-10-17,158.17
2001,Interest Targeting,1001,2024-10-18,150.9
2001,Interest Targeting,1001,2024-10-20,163.58
2001,Interest Targeting,1001,2024-10-22,172.6
2001,Interest Targeting,1001,2024-10-23,141.14
2001,Interest Targeting,1001,2024-10-24,74.51
2001,Interest Targeting,1001,2024-10-25,47.75
2001,Interest Targeting,1001,2024-10-26,87.86
2001,Interest Targeting,1001,2024-10-27,127.63
2001,Interest Targeting,1001,2024-10-28,116.19
2002,Lookalike Audience,1001,2024-09-01,26.62
2002,Lookalike Audience,1001,2024-09-03,166.21
2002,Lookalike Audience,1001,2024-09-04,184.59
2002,Lookalike Audience,1001,2024-09-05,64.68
2002,Lookalike Audience,1001,2024-09-06,49.94
2002,Lookalike Audience,1001,2024-09-07,121.38
2002,Lookalike Audience,1001,2024-09-08,136.41
2002,Lookalike Audience,1001,2024-09-10,163.32
2002,Lookalike Audience,1001,2024-09-11,37.75
2002,Lookalike Audience,1001,2024-09-12,154.43
2002,Lookalike Audience,1001,2024-09-13,143.78
2002,Lookalike Audience,1001,2024-09-14,87.34
2002,Lookalike Audience,1001,2024-09-15,142.32
2002,Lookalike Audience,1001,2024-09-16,47.13
2002,Lookalike Audience,1001,2024-09-18,73.18
2002,Lookalike Audience,1001,2024-09-20,169.64
2002,Lookalike Audience,1001,2024-09-21,82.7
2002,Lookalike Audience,1001,2024-09-22,161.17
2002,Lookalike Audience,1001,2024-09-23,82.69
2002,Lookalike Audience,1001,2024-09-24,149.96
2002,Lookalike Audience,1001,2024-09-25,32.09
2002,Lookalike Audience,1001,2024-09-26,147.94
2002,Lookalike Audience,1001,2024-09-27,81.75
2002,Lookalike Audience,1001,2024-09-28,164.01
2002,Lookalike Audience,1001,2024-09-30,112.88
2002,Lookalike Audience,1001,2024-10-01,79.58
2002,Lookalike Audience,1001,2024-10-02,103.17
2002,Lookalike Audience,1001,2024-10-03,133.36
2002,Lookalike Audience,1001,2024-10-04,138.32
2002,Lookalike Audience,1001,2024-10-05,152.73
2002,Lookalike Audience,1001,2024-10-07,97.32
2002,Lookalike Audience,1001,2024-10-08,58.66
2002,Lookalike Audience,1001,2024-10-09,146.68
2002,Lookalike Audience,1001,2024-10-10,123.92
2002,Lookalike Audience,1001,2024-10-11,116.64
2002,Lookalike Audience,1001,2024-10-12,55.47
2002,Lookalike Audience,1001,2024-10-13,140.73
2002,Lookalike Audience,1001,2024-10-14,193.86
2002,Lookalike Audience,1001,2024-10-15,89.96
2002,Lookalike Audience,1001,2024-10-16,40.56
2002,Lookalike Audience,1001,2024-10-17,102.41
2002,Lookalike Audience,1001,2024-10-18,141.25
2002,Lookalike Audience,1001,2024-10-21,140.98
2002,Lookalike Audience,1001,2024-10-22,62.94
2002,Lookalike Audience,1001,2024-10-23,87.2
2002,Lookalike Audience,1001,2024-10-24,89.92
2002,Lookalike Audience,1001,2024-10-25,123.47
2002,Lookalike Audience,1001,2024-10-26,107.6
2002,Lookalike Audience,1001,2024-10-27,185.45
2002,Lookalike Audience,1001,2024-10-29,50.04
2002,Lookalike Audience,1001,2024-10-30,53.68
2003,Retargeting,1001,2024-09-02,175.79
2003,Retargeting,1001,2024-09-04,55.12
2003,Retargeting,1001,2024-09-05,121.08
2003,Retargeting,1001,2024-09-06,93.64
2003,Retargeting,1001,2024-09-07,147.83
2003,Retargeting,1001,2024-09-08,50.11
2003,Retargeting,1001,2024-09-09,163.26
2003,Retargeting,1001,2024-09-10,25.89
2003,Retargeting,1001,2024-09-11,71.96
2003,Retargeting,1001,2024-09-12,121.82
2003,Retargeting,1001,2024-09-13,109.16
2003,Retargeting,1001,2024-09-14,123.09
2003,Retargeting,1001,2024-09-15,117.76
2003,Retargeting,1001,2024-09-17,156.22
2003,Retargeting,1001,2024-09-18,99.45
2003,Retargeting,1001,2024-09-19,96.53
2003,Retargeting,1001,2024-09-20,137.66
2003,Retargeting,1001,2024-09-21,177.47
2003,Retargeting,1001,2024-09-22,67.31
2003,Retargeting,1001,2024-09-24,175.75
2003,Retargeting,1001,2024-09-25,166.14
2003,Retargeting,1001,2024-09-26,152.77
2003,Retargeting,1001,2024-09-27,174.99
2003,Retargeting,1001,2024-09-28,97.07
2003,Retargeting,1001,2024-09-29,161.27
2003,Retargeting,1001,2024-10-02,115.81
2003,Retargeting,1001,2024-10-03,50.31
2003,Retargeting,1001,2024-10-05,123.09
2003,Retargeting,1001,2024-10-07,182.03
2003,Retargeting,1001,2024-10-09,155.02
2003,Retargeting,1001,2024-10-10,30.67
2003,Retargeting,1001,2024-10-11,138.06
2003,Retargeting,1001,2024-10-12,43.88
2003,Retargeting,1001,2024-10-13,77.98
2003,Retargeting,1001,2024-10-14,171.84
2003,Retargeting,1001,2024-10-15,45.59
2003,Retargeting,1001,2024-10-16,133.01
2003,Retargeting,1001,2024-10-17,33.59
2003,Retargeting,1001,2024-10-18,158.4
2003,Retargeting,1001,2024-10-19,154.96
2003,Retargeting,1001,2024-10-20,177.92
2003,Retargeting,1001,2024-10-21,107.85
2003,Retargeting,1001,2024-10-22,176.4
2003,Retargeting,1001,2024-10-24,194.99
2003,Retargeting,1001,2024-10-25,145.51
2003,Retargeting,1001,2024-10-27,91.59
2003,Retargeting,1001,2024-10-30,78.12
2004,Interest Targeting,1002,2024-09-01,124.03
2004,Interest Targeting,1002,2024-09-02,107.36
2004,Interest Targeting,1002,2024-09-03,142.86
2004,Interest Targeting,1002,2024-09-04,37.92
2004,Interest Targeting,1002,2024-09-05,102.72
2004,Interest Targeting,1002,2024-09-06,174.38
2004,Interest Targeting,1002,2024-09-07,20.12
2004,Interest Targeting,1002,2024-09-09,143.95
2004,Interest Targeting,1002,2024-09-10,137.0
2004,Interest Targeting,1002,2024-09-11,187.89
2004,Interest Targeting,1002,2024-09-12,137.83
2004,Interest Targeting,1002,2024-09-13,86.93
2004,Interest Targeting,1002,2024-09-15,91.34
2004,Interest Targeting,1002,2024-09-16,145.9
2004,Interest Targeting,1002,2024-09-17,137.99
2004,Interest Targeting,1002,2024-09-18,20.2
2004,Interest Targeting,1002,2024-09-19,43.89
2004,Interest Targeting,1002,2024-09-20,142.4
2004,Interest Targeting,1002,2024-09-21,145.21
2004,Interest Targeting,1002,2024-09-24,43.79
2004,Interest Targeting,1002,2024-09-25,88.95
2004,Interest Targeting,1002,2024-09-26,38.44
2004,Interest Targeting,1002,2024-09-27,178.58
2004,Interest Targeting,1002,2024-09-28,159.22
2004,Interest Targeting,1002,2024-09-29,43.97
2004,Interest Targeting,1002,2024-10-01,115.49
2004,Interest Targeting,1002,2024-10-02,137.0
2004,Interest Targeting,1002,2024-10-03,150.04
2004,Interest Targeting,1002,2024-10-04,47.25
2004,Interest Targeting,1002,2024-10-05,143.58
2004,Interest Targeting,1002,2024-10-07,38.08
2004,Interest Targeting,1002,2024-10-08,126.12
2004,Interest Targeting,1002,2024-10-09,193.38
2004,Interest Targeting,1002,2024-10-10,45.17
2004,Interest Targeting,1002,2024-10-11,35.16
2004,Interest Targeting,1002,2024-10-12,128.0
2004,Interest Targeting,1002,2024-10-13,160.21
2004,Interest Targeting,1002,2024-10-14,172.62
2004,Interest Targeting,1002,2024-10-15,74.3
2004,Interest Targeting,1002,2024-10-16,111.71
2004,Interest Targeting,1002,2024-10-17,73.2
2004,Interest Targeting,1002,2024-10-18,181.62
2004,Interest Targeting,1002,2024-10-20,40.29
2004,Interest Targeting,1002,2024-10-21,126.91
2004,Interest Targeting,1002,2024-10-22,195.99
2004,Interest Targeting,1002,2024-10-25,174.95
2004,Interest Targeting,1002,2024-10-26,85.77
2004,Interest Targeting,1002,2024-10-27,157.29
2004,Interest Targeting,1002,2024-10-29,23.0
2004,Interest Targeting,1002,2024-10-30,67.19
2005,Lookalike Audience,1002,2024-09-01,30.88
2005,Lookalike Audience,1002,2024-09-02,111.19
2005,Lookalike Audience,1002,2024-09-03,110.19
2005,Lookalike Audience,1002,2024-09-04,146.33
2005,Lookalike Audience,1002,2024-09-05,116.58
2005,Lookalike Audience,1002,2024-09-06,69.94
2005,Lookalike Audience,1002,2024-09-07,112.03
2005,Lookalike Audience,1002,2024-09-08,165.45
2005,Lookalike Audience,1002,2024-09-09,90.33
2005,Lookalike Audience,1002,2024-09-10,170.21
2005,Lookalike Audience,1002,2024-09-11,31.9
2005,Lookalike Audience,1002,2024-09-12,151.39
2005,Lookalike Audience,1002,2024-09-14,35.52
2005,Lookalike Audience,1002,2024-09-15,101.61
2005,Lookalike Audience,1002,2024-09-16,75.67
2005,Lookalike Audience,1002,2024-09-17,153.32
2005,Lookalike Audience,1002,2024-09-18,147.42
2005,Lookalike Audience,1002,2024-09-19,49.49
2005,Lookalike Audience,1002,2024-09-21,160.94
2005,Lookalike Audience,1002,2024-09-22,50.05
2005,Lookalike Audience,1002,2024-09-23,160.6
2005,Lookalike Audience,1002,2024-09-24,179.55
2005,Lookalike Audience,1002,2024-09-25,25.28
2005,Lookalike Audience,1002,2024-09-27,31.5
2005,Lookalike Audience,1002,2024-09-28,123.8
2005,Lookalike Audience,1002,2024-09-29,101.94
2005,Lookalike Audience,1002,2024-09-30,109.93
2005,Lookalike Audience,1002,2024-10-01,86.18
2005,Lookalike Audience,1002,2024-10-02,38.52
2005,Lookalike Audience,1002,2024-10-03,150.1
2005,Lookalike Audience,1002,2024-10-04,111.59
2005,Lookalike Audience,1002,2024-10-05,175.33
2005,Lookalike Audience,1002,2024-10-06,104.92
2005,Lookalike Audience,1002,2024-10-07,47.02
2005,Lookalike Audience,1002,2024-10-10,184.51
2005,Lookalike Audience,1002,2024-10-11,95.49
2005,Lookalike Audience,1002,2024-10-12,94.93
2005,Lookalike Audience,1002,2024-10-13,68.83
2005,Lookalike Audience,1002,2024-10-14,87.11
2005,Lookalike Audience,1002,2024-10-15,182.35
2005,Lookalike Audience,1002,2024-10-16,164.78
2005,Lookalike Audience,1002,2024-10-19,103.72
2005,Lookalike Audience,1002,2024-10-20,172.07
2005,Lookalike Audience,1002,2024-10-21,119.56
2005,Lookalike Audience,1002,2024-10-22,56.12
2005,Lookalike Audience,1002,2024-10-23,74.7
2005,Lookalike Audience,1002,2024-10-24,103.51
2005,Lookalike Audience,1002,2024-10-25,108.8
2005,Lookalike Audience,1002,2024-10-26,55.18
2005,Lookalike Audience,1002,2024-10-28,64.12
2005,Lookalike Audience,1002,2024-10-29,93.81
2005,Lookalike Audience,1002,2024-10-30,82.36
2006,Retargeting,1002,2024-09-04,138.31
2006,Retargeting,1002,2024-09-06,38.71
2006,Retargeting,1002,2024-09-07,62.87
2006,Retargeting,1002,2024-09-08,30.78
2006,Retargeting,1002,2024-09-10,36.74
2006,Retargeting,1002,2024-09-13,146.15
2006,Retargeting,1002,2024-09-14,195.42
2006,Retargeting,1002,2024-09-15,37.2
2006,Retargeting,1002,2024-09-16,167.59
2006,Retargeting,1002,2024-09-17,122.21
2006,Retargeting,1002,2024-09-18,193.56
2006,Retargeting,1002,2024-09-19,66.98
2006,Retargeting,1002,2024-09-20,164.15
2006,Retargeting,1002,2024-09-21,152.36
2006,Retargeting,1002,2024-09-22,68.95
2006,Retargeting,1002,2024-09-23,56.49
2006,Retargeting,1002,2024-09-24,125.25
2006,Retargeting,1002,2024-09-25,49.59
2006,Retargeting,1002,2024-09-26,93.17
2006,Retargeting,1002,2024-09-27,193.63
2006,Retargeting,1002,2024-09-28,75.5
2006,Retargeting,1002,2024-09-29,41.58
2006,Retargeting,1002,2024-09-30,143.49
2006,Retargeting,1002,2024-10-02,27.26
2006,Retargeting,1002,2024-10-04,36.42
2006,Retargeting,1002,2024-10-05,84.03
2006,Retargeting,1002,2024-10-06,141.89
2006,Retargeting,1002,2024-10-07,198.32
2006,Retargeting,1002,2024-10-08,92.79
2006,Retargeting,1002,2024-10-09,154.65
2006,Retargeting,1002,2024-10-10,103.17
2006,Retargeting,1002,2024-10-12,22.15
2006,Retargeting,1002,2024-10-15,168.26
2006,Retargeting,1002,2024-10-16,133.45
2006,Retargeting,1002,2024-10-17,124.82
2006,Retargeting,1002,2024-10-18,166.29
2006,Retargeting,1002,2024-10-19,31.6
2006,Retargeting,1002,2024-10-21,43.18
2006,Retargeting,1002,2024-10-24,27.69
2006,Retargeting,1002,2024-10-25,50.24
2006,Retargeting,1002,2024-10-26,167.9
2006,Retargeting,1002,2024-10-27,25.31
2006,Retargeting,1002,2024-10-28,51.11
2006,Retargeting,1002,2024-10-29,53.69
2006,Retargeting,1002,2024-10-30,179.02
2007,Interest Targeting,1003,2024-09-01,131.06
2007,Interest Targeting,1003,2024-09-02,109.8
2007,Interest Targeting,1003,2024-09-04,35.79
2007,Interest Targeting,1003,2024-09-05,95.46
2007,Interest Targeting,1003,2024-09-06,163.5
2007,Interest Targeting,1003,2024-09-07,198.94
2007,Interest Targeting,1003,2024-09-08,23.52
2007,Interest Targeting,1003,2024-09-09,148.41
2007,Interest Targeting,1003,2024-09-10,160.66
2007,Interest Targeting,1003,2024-09-11,121.82
2007,Interest Targeting,1003,2024-09-12,68.68
2007,Interest Targeting,1003,2024-09-13,127.48
2007,Interest Targeting,1003,2024-09-14,165.92
2007,Interest Targeting,1003,2024-09-15,165.56
2007,Interest Targeting,1003,2024-09-16,84.34
2007,Interest Targeting,1003,2024-09-17,61.9
2007,Interest Targeting,1003,2024-09-18,64.61
2007,Interest Targeting,1003,2024-09-19,116.06
2007,Interest Targeting,1003,2024-09-20,152.67
2007,Interest Targeting,1003,2024-09-21,190.6
2007,Interest Targeting,1003,2024-09-22,196.88
2007,Interest Targeting,1003,2024-09-23,188.34
2007,Interest Targeting,1003,2024-09-25,62.58
2007,Interest Targeting,1003,2024-09-26,152.86
2007,Interest Targeting,1003,2024-09-27,126.48
2007,Interest Targeting,1003,2024-09-28,83.3
2007,Interest Targeting,1003,2024-09-29,45.58
2007,Interest Targeting,1003,2024-10-04,51.6
2007,Interest Targeting,1003,2024-10-05,30.11
2007,Interest Targeting,1003,2024-10-06,23.59
2007,Interest Targeting,1003,2024-10-07,79.71
2007,Interest Targeting,1003,2024-10-08,165.16
2007,Interest Targeting,1003,2024-10-09,51.94
2007,Interest Targeting,1003,2024-10-12,46.59
2007,Interest Targeting,1003,2024-10-13,45.5
2007,Interest Targeting,1003,2024-10-14,114.73
2007,Interest Targeting,1003,2024-10-15,33.06
2007,Interest Targeting,1003,2024-10-16,139.19
2007,Interest Targeting,1003,2024-10-17,80.58
2007,Interest Targeting,1003,2024-10-18,195.65
2007,Interest Targeting,1003,2024-10-19,98.64
2007,Interest Targeting,1003,2024-10-20,107.7
2007,Interest Targeting,1003,2024-10-21,147.29
2007,Interest Targeting,1003,2024-10-22,180.13
2007,Interest Targeting,1003,2024-10-23,84.23
2007,Interest Targeting,1003,2024-10-24,166.6
2007,Interest Targeting,1003,2024-10-25,152.12
2007,Interest Targeting,1003,2024-10-26,51.99
2007,Interest Targeting,1003,2024-10-27,146.36
2007,Interest Targeting,1003,2024-10-28,173.14
2007,Interest Targeting,1003,2024-10-29,122.15
2007,Interest Targeting,1003,2024-10-30,77.28
2008,Lookalike Audience,1003,2024-09-02,135.14
2008,Lookalike Audience,1003,2024-09-03,109.31
2008,Lookalike Audience,1003,2024-09-04,34.01
2008,Lookalike Audience,1003,2024-09-05,77.51
2008,Lookalike Audience,1003,2024-09-06,193.35
2008,Lookalike Audience,1003,2024-09-08,151.27
2008,Lookalike Audience,1003,2024-09-09,22.05
2008,Lookalike Audience,1003,2024-09-10,144.77
2008,Lookalike Audience,1003,2024-09-11,161.66
2008,Lookalike Audience,1003,2024-09-12,28.67
2008,Lookalike Audience,1003,2024-09-13,95.54
2008,Lookalike Audience,1003,2024-09-14,94.52
2008,Lookalike Audience,1003,2024-09-16,87.56
2008,Lookalike Audience,1003,2024-09-18,124.05
2008,Lookalike Audience,1003,2024-09-19,60.6
2008,Lookalike Audience,1003,2024-09-20,163.86
2008,Lookalike Audience,1003,2024-09-21,23.61
2008,Lookalike Audience,1003,2024-09-22,38.85
2008,Lookalike Audience,1003,2024-09-23,179.83
2008,Lookalike Audience,1003,2024-09-24,33.5
2008,Lookalike Audience,1003,2024-09-27,197.35
2008,Lookalike Audience,1003,2024-09-29,97.64
2008,Lookalike Audience,1003,2024-09-30,129.32
2008,Lookalike Audience,1003,2024-10-01,29.64
2008,Lookalike Audience,1003,2024-10-02,195.39
2008,Lookalike Audience,1003,2024-10-03,119.74
2008,Lookalike Audience,1003,2024-10-05,138.91
2008,Lookalike Audience,1003,2024-10-06,37.26
2008,Lookalike Audience,1003,2024-10-07,118.94
2008,Lookalike Audience,1003,2024-10-08,29.81
2008,Lookalike Audience,1003,2024-10-09,35.77
2008,Lookalike Audience,1003,2024-10-11,106.46
2008,Lookalike Audience,1003,2024-10-12,57.25
2008,Lookalike Audience,1003,2024-10-13,195.87
2008,Lookalike Audience,1003,2024-10-14,40.79
2008,Lookalike Audience,1003,2024-10-15,104.77
2008,Lookalike Audience,1003,2024-10-17,135.54
2008,Lookalike Audience,1003,2024-10-18,86.78
2008,Lookalike Audience,1003,2024-10-19,53.58
2008,Lookalike Audience,1003,2024-10-20,99.15
2008,Lookalike Audience,1003,2024-10-21,170.67
2008,Lookalike Audience,1003,2024-10-22,47.2
2008,Lookalike Audience,1003,2024-10-23,37.41
2008,Lookalike Audience,1003,2024-10-24,165.47
2008,Lookalike Audience,1003,2024-10-25,156.16
2008,Lookalike Audience,1003,2024-10-26,30.98
2008,Lookalike Audience,1003,2024-10-27,114.06
2008,Lookalike Audience,1003,2024-10-29,188.55
2008,Lookalike Audience,1003,2024-10-30,62.42
2009,Interest Targeting,1004,2024-09-01,182.5
2009,Interest Targeting,1004,2024-09-02,110.38
2009,Interest Targeting,1004,2024-09-05,131.65
2009,Interest Targeting,1004,2024-09-06,156.29
2009,Interest Targeting,1004,2024-09-07,197.19
2009,Interest Targeting,1004,2024-09-10,96.21
2009,Interest Targeting,1004,2024-09-12,199.51
2009,Interest Targeting,1004,2024-09-13,170.14
2009,Interest Targeting,1004,2024-09-14,183.94
2009,Interest Targeting,1004,2024-09-16,89.86
2009,Interest Targeting,1004,2024-09-17,78.7
2009,Interest Targeting,1004,2024-09-18,102.47
2009,Interest Targeting,1004,2024-09-20,132.15
2009,Interest Targeting,1004,2024-09-21,95.53
2009,Interest Targeting,1004,2024-09-22,46.68
2009,Interest Targeting,1004,2024-09-23,156.51
2009,Interest Targeting,1004,2024-09-26,38.18
2009,Interest Targeting,1004,2024-09-27,116.41
2009,Interest Targeting,1004,2024-09-28,93.96
2009,Interest Targeting,1004,2024-09-29,107.41
2009,Interest Targeting,1004,2024-09-30,26.74
2009,Interest Targeting,1004,2024-10-01,45.89
2009,Interest Targeting,1004,2024-10-02,144.86
2009,Interest Targeting,1004,2024-10-03,180.12
2009,Interest Targeting,1004,2024-10-04,62.76
2009,Interest Targeting,1004,2024-10-05,185.75
2009,Interest Targeting,1004,2024-10-07,167.13
2009,Interest Targeting,1004,2024-10-08,70.46
2009,Interest Targeting,1004,2024-10-09,145.31
2009,Interest Targeting,1004,2024-10-10,176.4
2009,Interest Targeting,1004,2024-10-11,195.36
2009,Interest Targeting,1004,2024-10-12,168.65
2009,Interest Targeting,1004,2024-10-13,95.02
2009,Interest Targeting,1004,2024-10-14,53.83
2009,Interest Targeting,1004,2024-10-15,168.31
2009,Interest Targeting,1004,2024-10-16,156.71
2009,Interest Targeting,1004,2024-10-19,48.62
2009,Interest Targeting,1004,2024-10-20,111.22
2009,Interest Targeting,1004,2024-10-21,173.23
2009,Interest Targeting,1004,2024-10-23,54.7
2009,Interest Targeting,1004,2024-10-26,102.16
2009,Interest Targeting,1004,2024-10-28,69.32
2009,Interest Targeting,1004,2024-10-30,134.37
2010,Lookalike Audience,1004,2024-09-01,25.5
2010,Lookalike Audience,1004,2024-09-02,126.93
2010,Lookalike Audience,1004,2024-09-03,176.69
2010,Lookalike Audience,1004,2024-09-04,82.96
2010,Lookalike Audience,1004,2024-09-05,181.01
2010,Lookalike Audience,1004,2024-09-06,143.99
2010,Lookalike Audience,1004,2024-09-07,89.58
2010,Lookalike Audience,1004,2024-09-08,123.01
2010,Lookalike Audience,1004,2024-09-11,141.99
2010,Lookalike Audience,1004,2024-09-12,93.71
2010,Lookalike Audience,1004,2024-09-13,160.45
2010,Lookalike Audience,1004,2024-09-14,21.6
2010,Lookalike Audience,1004,2024-09-16,128.21
2010,Lookalike Audience,1004,2024-09-17,65.43
2010,Lookalike Audience,1004,2024-09-19,194.06
2010,Lookalike Audience,1004,2024-09-20,96.29
2010,Lookalike Audience,1004,2024-09-21,82.77
2010,Lookalike Audience,1004,2024-09-22,104.01
2010,Lookalike Audience,1004,2024-09-23,168.38
2010,Lookalike Audience,1004,2024-09-24,38.42
2010,Lookalike Audience,1004,2024-09-25,139.22
2010,Lookalike Audience,1004,2024-09-27,136.52
2010,Lookalike Audience,1004,2024-09-28,73.73
2010,Lookalike Audience,1004,2024-09-29,31.49
2010,Lookalike Audience,1004,2024-10-01,175.07
2010,Lookalike Audience,1004,2024-10-02,148.0
2010,Lookalike Audience,1004,2024-10-04,46.99
2010,Lookalike Audience,1004,2024-10-05,181.94
2010,Lookalike Audience,1004,2024-10-08,138.9
2010,Lookalike Audience,1004,2024-10-09,149.83
2010,Lookalike Audience,1004,2024-10-10,199.54
2010,Lookalike Audience,1004,2024-10-11,95.34
2010,Lookalike Audience,1004,2024-10-12,26.36
2010,Lookalike Audience,1004,2024-10-13,122.97
2010,Lookalike Audience,1004,2024-10-14,150.78
2010,Lookalike Audience,1004,2024-10-15,116.23
2010,Lookalike Audience,1004,2024-10-16,183.17
2010,Lookalike Audience,1004,2024-10-17,111.32
2010,Lookalike Audience,1004,2024-10-21,37.57
2010,Lookalike Audience,1004,2024-10-22,66.56
2010,Lookalike Audience,1004,2024-10-24,52.95
2010,Lookalike Audience,1004,2024-10-25,80.41
2010,Lookalike Audience,1004,2024-10-26,83.95
2010,Lookalike Audience,1004,2024-10-27,75.28
2010,Lookalike Audience,1004,2024-10-28,79.64
2010,Lookalike Audience,1004,2024-10-29,72.93
2011,Retargeting,1004,2024-09-01,175.95
2011,Retargeting,1004,2024-09-02,189.97
2011,Retargeting,1004,2024-09-03,180.1
2011,Retargeting,1004,2024-09-04,176.15
2011,Retargeting,1004,2024-09-05,73.7
2011,Retargeting,1004,2024-09-06,173.76
2011,Retargeting,1004,2024-09-07,56.05
2011,Retargeting,1004,2024-09-08,122.49
2011,Retargeting,1004,2024-09-10,76.95
2011,Retargeting,1004,2024-09-11,160.21
2011,Retargeting,1004,2024-09-12,133.59
2011,Retargeting,1004,2024-09-13,134.21
2011,Retargeting,1004,2024-09-14,69.24
2011,Retargeting,1004,2024-09-15,50.35
2011,Retargeting,1004,2024-09-16,108.12
2011,Retargeting,1004,2024-09-17,35.85
2011,Retargeting,1004,2024-09-18,134.03
2011,Retargeting,1004,2024-09-19,193.76
2011,Retargeting,1004,2024-09-20,26.79
2011,Retargeting,1004,2024-09-21,87.16
2011,Retargeting,1004,2024-09-22,78.0
2011,Retargeting,1004,2024-09-24,141.81
2011,Retargeting,1004,2024-09-25,64.79
2011,Retargeting,1004,2024-09-26,81.98
2011,Retargeting,1004,2024-09-27,89.04
2011,Retargeting,1004,2024-09-28,50.06
2011,Retargeting,1004,2024-09-30,72.35
2011,Retargeting,1004,2024-10-01,127.35
2011,Retargeting,1004,2024-10-02,179.84
2011,Retargeting,1004,2024-10-04,182.25
2011,Retargeting,1004,2024-10-05,53.92
2011,Retargeting,1004,2024-10-08,61.12
2011,Retargeting,1004,2024-10-09,43.62
2011,Retargeting,1004,2024-10-10,126.14
2011,Retargeting,1004,2024-10-11,85.99
2011,Retargeting,1004,2024-10-12,26.73
2011,Retargeting,1004,2024-10-14,116.25
2011,Retargeting,1004,2024-10-15,199.04
2011,Retargeting,1004,2024-10-16,137.64
2011,Retargeting,1004,2024-10-17,144.15
2011,Retargeting,1004,2024-10-18,88.45
2011,Retargeting,1004,2024-10-19,105.39
2011,Retargeting,1004,2024-10-20,145.13
2011,Retargeting,1004,2024-10-21,74.2
2011,Retargeting,1004,2024-10-22,139.25
2011,Retargeting,1004,2024-10-23,129.01
2011,Retargeting,1004,2024-10-24,169.52
2011,Retargeting,1004,2024-10-25,149.38
2011,Retargeting,1004,2024-10-26,40.52
2011,Retargeting,1004,2024-10-27,55.76
2011,Retargeting,1004,2024-10-28,67.34
2011,Retargeting,1004,2024-10-29,56.3
2011,Retargeting,1004,2024-10-30,73.16
2012,Interest Targeting,1005,2024-09-01,183.86
2012,Interest Targeting,1005,2024-09-02,106.52
2012,Interest Targeting,1005,2024-09-03,22.29
2012,Interest Targeting,1005,2024-09-04,39.88
2012,Interest Targeting,1005,2024-09-05,108.94
2012,Interest Targeting,1005,2024-09-07,33.51
2012,Interest Targeting,1005,2024-09-08,182.86
2012,Interest Targeting,1005,2024-09-09,102.22
2012,Interest Targeting,1005,2024-09-11,29.01
2012,Interest Targeting,1005,2024-09-15,141.82
2012,Interest Targeting,1005,2024-09-16,40.86
2012,Interest Targeting,1005,2024-09-19,44.91
2012,Interest Targeting,1005,2024-09-20,79.16
2012,Interest Targeting,1005,2024-09-23,151.95
2012,Interest Targeting,1005,2024-09-24,81.69
2012,Interest Targeting,1005,2024-09-25,92.05
2012,Interest Targeting,1005,2024-09-26,170.43
2012,Interest Targeting,1005,2024-09-27,106.08
2012,Interest Targeting,1005,2024-09-28,179.5
2012,Interest Targeting,1005,2024-09-29,43.85
2012,Interest Targeting,1005,2024-09-30,196.68
2012,Interest Targeting,1005,2024-10-02,184.02
2012,Interest Targeting,1005,2024-10-03,122.41
2012,Interest Targeting,1005,2024-10-04,130.04
2012,Interest Targeting,1005,2024-10-05,130.04
2012,Interest Targeting,1005,2024-10-08,180.52
2012,Interest Targeting,1005,2024-10-09,107.86
2012,Interest Targeting,1005,2024-10-11,31.4
2012,Interest Targeting,1005,2024-10-12,22.22
2012,Interest Targeting,1005,2024-10-14,153.85
2012,Interest Targeting,1005,2024-10-15,60.32
2012,Interest Targeting,1005,2024-10-18,143.88
2012,Interest Targeting,1005,2024-10-19,97.91
2012,Interest Targeting,1005,2024-10-20,106.75
2012,Interest Targeting,1005,2024-10-21,135.45
2012,Interest Targeting,1005,2024-10-22,168.76
2012,Interest Targeting,1005,2024-10-24,22.1
2012,Interest Targeting,1005,2024-10-26,104.47
2012,Interest Targeting,1005,2024-10-27,49.77
2012,Interest Targeting,1005,2024-10-28,77.71
2012,Interest Targeting,1005,2024-10-29,70.07
2012,Interest Targeting,1005,2024-10-30,119.09
2013,Lookalike Audience,1005,2024-09-01,167.08
2013,Lookalike Audience,1005,2024-09-02,99.95
2013,Lookalike Audience,1005,2024-09-03,35.84
2013,Lookalike Audience,1005,2024-09-04,76.89
2013,Lookalike Audience,1005,2024-09-06,23.2
2013,Lookalike Audience,1005,2024-09-07,26.45
2013,Lookalike Audience,1005,2024-09-08,168.66
2013,Lookalike Audience,1005,2024-09-09,193.37
2013,Lookalike Audience,1005,2024-09-10,180.22
2013,Lookalike Audience,1005,2024-09-11,137.83
2013,Lookalike Audience,1005,2024-09-12,81.35
2013,Lookalike Audience,1005,2024-09-16,158.13
2013,Lookalike Audience,1005,2024-09-17,149.0
2013,Lookalike Audience,1005,2024-09-18,101.46
2013,Lookalike Audience,1005,2024-09-19,138.6
2013,Lookalike Audience,1005,2024-09-20,83.93
2013,Lookalike Audience,1005,2024-09-21,163.98
2013,Lookalike Audience,1005,2024-09-22,87.3
2013,Lookalike Audience,1005,2024-09-23,181.44
2013,Lookalike Audience,1005,2024-09-24,167.93
2013,Lookalike Audience,1005,2024-09-25,93.66
2013,Lookalike Audience,1005,2024-09-26,55.27
2013,Lookalike Audience,1005,2024-09-27,173.39
2013,Lookalike Audience,1005,2024-09-28,168.42
2013,Lookalike Audience,1005,2024-09-29,80.83
2013,Lookalike Audience,1005,2024-09-30,28.37
2013,Lookalike Audience,1005,2024-10-01,140.99
2013,Lookalike Audience,1005,2024-10-02,180.52
2013,Lookalike Audience,1005,2024-10-03,126.08
2013,Lookalike Audience,1005,2024-10-04,193.49
2013,Lookalike Audience,1005,2024-10-05,152.52
2013,Lookalike Audience,1005,2024-10-06,97.91
2013,Lookalike Audience,1005,2024-10-07,186.39
2013,Lookalike Audience,1005,2024-10-08,183.83
2013,Lookalike Audience,1005,2024-10-09,51.26
2013,Lookalike Audience,1005,2024-10-11,138.35
2013,Lookalike Audience,1005,2024-10-12,77.93
2013,Lookalike Audience,1005,2024-10-14,129.62
2013,Lookalike Audience,1005,2024-10-15,64.68
2013,Lookalike Audience,1005,2024-10-16,81.71
2013,Lookalike Audience,1005,2024-10-17,164.86
2013,Lookalike Audience,1005,2024-10-18,128.45
2013,Lookalike Audience,1005,2024-10-20,171.75
2013,Lookalike Audience,1005,2024-10-21,76.5
2013,Lookalike Audience,1005,2024-10-22,119.64
2013,Lookalike Audience,1005,2024-10-23,57.75
2013,Lookalike Audience,1005,2024-10-24,143.59
2013,Lookalike Audience,1005,2024-10-26,147.87
2013,Lookalike Audience,1005,2024-10-28,117.65
2013,Lookalike Audience,1005,2024-10-29,147.86
2013,Lookalike Audience,1005,2024-10-30,121.21
2014,Interest Targeting,1006,2024-09-01,180.9
2014,Interest Targeting,1006,2024-09-02,177.95
2014,Interest Targeting,1006,2024-09-03,22.3
2014,Interest Targeting,1006,2024-09-04,88.56
2014,Interest Targeting,1006,2024-09-05,30.19
2014,Interest Targeting,1006,2024-09-06,161.4
2014,Interest Targeting,1006,2024-09-08,46.36
2014,Interest Targeting,1006,2024-09-09,161.18
2014,Interest Targeting,1006,2024-09-10,117.41
2014,Interest Targeting,1006,2024-09-11,101.47
2014,Interest Targeting,1006,2024-09-12,141.59
2014,Interest Targeting,1006,2024-09-13,60.38
2014,Interest Targeting,1006,2024-09-14,90.0
2014,Interest Targeting,1006,2024-09-15,163.43
2014,Interest Targeting,1006,2024-09-16,144.73
2014,Interest Targeting,1006,2024-09-17,88.68
2014,Interest Targeting,1006,2024-09-18,161.86
2014,Interest Targeting,1006,2024-09-19,193.85
2014,Interest Targeting,1006,2024-09-20,153.86
2014,Interest Targeting,1006,2024-09-21,176.39
2014,Interest Targeting,1006,2024-09-23,60.6
2014,Interest Targeting,1006,2024-09-24,147.72
2014,Interest Targeting,1006,2024-09-25,125.91
2014,Interest Targeting,1006,2024-09-26,55.36
2014,Interest Targeting,1006,2024-09-27,54.83
2014,Interest Targeting,1006,2024-09-28,197.02
2014,Interest Targeting,1006,2024-09-29,193.25
2014,Interest Targeting,1006,2024-09-30,41.48
2014,Interest Targeting,1006,2024-10-01,70.24
2014,Interest Targeting,1006,2024-10-02,48.97
2014,Interest Targeting,1006,2024-10-04,103.94
2014,Interest Targeting,1006,2024-10-06,187.15
2014,Interest Targeting,1006,2024-10-07,159.26
2014,Interest Targeting,1006,2024-10-08,171.77
2014,Interest Targeting,1006,2024-10-09,162.18
2014,Interest Targeting,1006,2024-10-10,33.12
2014,Interest Targeting,1006,2024-10-11,114.57
2014,Interest Targeting,1006,2024-10-13,161.53
2014,Interest Targeting,1006,2024-10-14,117.75
2014,Interest Targeting,1006,2024-10-15,82.89
2014,Interest Targeting,1006,2024-10-17,79.59
2014,Interest Targeting,1006,2024-10-18,191.06
2014,Interest Targeting,1006,2024-10-19,105.47
2014,Interest Targeting,1006,2024-10-20,155.38
2014,Interest Targeting,1006,2024-10-21,40.65
2014,Interest Targeting,1006,2024-10-22,63.26
2014,Interest Targeting,1006,2024-10-23,185.35
2014,Interest Targeting,1006,2024-10-24,27.18
2014,Interest Targeting,1006,2024-10-26,163.32
2014,Interest Targeting,1006,2024-10-27,66.19
2014,Interest Targeting,1006,2024-10-28,24.45
2014,Interest Targeting,1006,2024-10-29,158.69
2014,Interest Targeting,1006,2024-10-30,111.57
2015,Lookalike Audience,1006,2024-09-01,73.36
2015,Lookalike Audience,1006,2024-09-02,77.66
2015,Lookalike Audience,1006,2024-09-03,37.27
2015,Lookalike Audience,1006,2024-09-05,115.98
2015,Lookalike Audience,1006,2024-09-06,57.94
2015,Lookalike Audience,1006,2024-09-07,58.37
2015,Lookalike Audience,1006,2024-09-08,170.42
2015,Lookalike Audience,1006,2024-09-09,169.17
2015,Lookalike Audience,1006,2024-09-11,98.34
2015,Lookalike Audience,1006,2024-09-13,143.49
2015,Lookalike Audience,1006,2024-09-14,149.04
2015,Lookalike Audience,1006,2024-09-15,33.18
2015,Lookalike Audience,1006,2024-09-16,65.34
2015,Lookalike Audience,1006,2024-09-17,167.89
2015,Lookalike Audience,1006,2024-09-19,101.2
2015,Lookalike Audience,1006,2024-09-20,76.95
2015,Lookalike Audience,1006,2024-09-21,41.3
2015,Lookalike Audience,1006,2024-09-22,149.65
2015,Lookalike Audience,1006,2024-09-23,154.27
2015,Lookalike Audience,1006,2024-09-24,172.69
2015,Lookalike Audience,1006,2024-09-25,110.51
2015,Lookalike Audience,1006,2024-09-26,143.46
2015,Lookalike Audience,1006,2024-09-27,70.67
2015,Lookalike Audience,1006,2024-09-29,167.98
2015,Lookalike Audience,1006,2024-09-30,48.14
2015,Lookalike Audience,1006,2024-10-01,154.42
2015,Lookalike Audience,1006,2024-10-02,172.9
2015,Lookalike Audience,1006,2024-10-03,134.13
2015,Lookalike Audience,1006,2024-10-04,179.66
2015,Lookalike Audience,1006,2024-10-07,192.33
2015,Lookalike Audience,1006,2024-10-08,177.46
2015,Lookalike Audience,1006,2024-10-09,27.52
2015,Lookalike Audience,1006,2024-10-10,90.93
2015,Lookalike Audience,1006,2024-10-11,35.32
2015,Lookalike Audience,1006,2024-10-12,153.46
2015,Lookalike Audience,1006,2024-10-13,58.11
2015,Lookalike Audience,1006,2024-10-16,53.12
2015,Lookalike Audience,1006,2024-10-17,65.49
2015,Lookalike Audience,1006,2024-10-18,140.78
2015,Lookalike Audience,1006,2024-10-19,29.79
2015,Lookalike Audience,1006,2024-10-20,198.21
2015,Lookalike Audience,1006,2024-10-21,136.04
2015,Lookalike Audience,1006,2024-10-22,140.9
2015,Lookalike Audience,1006,2024-10-23,55.54
2015,Lookalike Audience,1006,2024-10-24,191.28
2015,Lookalike Audience,1006,2024-10-25,140.83
2015,Lookalike Audience,1006,2024-10-26,71.32
2015,Lookalike Audience,1006,2024-10-27,54.83
2015,Lookalike Audience,1006,2024-10-28,79.1
2015,Lookalike Audience,1006,2024-10-29,144.82
2015,Lookalike Audience,1006,2024-10-30,122.04
2016,Retargeting,1006,2024-09-03,76.38
2016,Retargeting,1006,2024-09-04,148.2
2016,Retargeting,1006,2024-09-05,69.8
2016,Retargeting,1006,2024-09-06,142.32
2016,Retargeting,1006,2024-09-07,106.39
2016,Retargeting,1006,2024-09-08,159.46
2016,Retargeting,1006,2024-09-09,39.59
2016,Retargeting,1006,2024-09-10,34.76
2016,Retargeting,1006,2024-09-11,168.76
2016,Retargeting,1006,2024-09-13,152.04
2016,Retargeting,1006,2024-09-14,150.94
2016,Retargeting,1006,2024-09-17,166.28
2016,Retargeting,1006,2024-09-18,158.46
2016,Retargeting,1006,2024-09-19,26.6
2016,Retargeting,1006,2024-09-20,180.92
2016,Retargeting,1006,2024-09-21,137.7
2016,Retargeting,1006,2024-09-22,90.65
2016,Retargeting,1006,2024-09-24,174.29
2016,Retargeting,1006,2024-09-25,110.2
2016,Retargeting,1006,2024-09-26,85.5
2016,Retargeting,1006,2024-09-27,63.0
2016,Retargeting,1006,2024-09-30,156.3
2016,Retargeting,1006,2024-10-01,48.66
2016,Retargeting,1006,2024-10-02,121.85
2016,Retargeting,1006,2024-10-04,151.76
2016,Retargeting,1006,2024-10-06,157.07
2016,Retargeting,1006,2024-10-07,67.58
2016,Retargeting,1006,2024-10-08,140.35
2016,Retargeting,1006,2024-10-09,162.46
2016,Retargeting,1006,2024-10-10,185.22
2016,Retargeting,1006,2024-10-12,136.73
2016,Retargeting,1006,2024-10-13,194.32
2016,Retargeting,1006,2024-10-14,69.23
2016,Retargeting,1006,2024-10-15,124.15
2016,Retargeting,1006,2024-10-16,87.8
2016,Retargeting,1006,2024-10-17,125.78
2016,Retargeting,1006,2024-10-19,65.29
2016,Retargeting,1006,2024-10-21,93.05
2016,Retargeting,1006,2024-10-23,162.68
2016,Retargeting,1006,2024-10-25,178.77
2016,Retargeting,1006,2024-10-26,61.4
2016,Retargeting,1006,2024-10-27,70.55
2016,Retargeting,1006,2024-10-28,48.32
2016,Retargeting,1006,2024-10-29,167.05
2016,Retargeting,1006,2024-10-30,94.63
2017,Interest Targeting,1007,2024-09-01,106.67
2017,Interest Targeting,1007,2024-09-02,57.93
2017,Interest Targeting,1007,2024-09-03,170.01
2017,Interest Targeting,1007,2024-09-04,27.77
2017,Interest Targeting,1007,2024-09-05,49.0
2017,Interest Targeting,1007,2024-09-06,27.05
2017,Interest Targeting,1007,2024-09-07,30.06
2017,Interest Targeting,1007,2024-09-08,52.41
2017,Interest Targeting,1007,2024-09-10,121.45
2017,Interest Targeting,1007,2024-09-11,149.52
2017,Interest Targeting,1007,2024-09-12,71.02
2017,Interest Targeting,1007,2024-09-13,100.86
2017,Interest Targeting,1007,2024-09-16,169.47
2017,Interest Targeting,1007,2024-09-17,163.03
2017,Interest Targeting,1007,2024-09-19,138.74
2017,Interest Targeting,1007,2024-09-20,150.35
2017,Interest Targeting,1007,2024-09-21,101.62
2017,Interest Targeting,1007,2024-09-22,61.37
2017,Interest Targeting,1007,2024-09-23,39.54
2017,Interest Targeting,1007,2024-09-24,174.73
2017,Interest Targeting,1007,2024-09-25,95.56
2017,Interest Targeting,1007,2024-09-26,37.33
2017,Interest Targeting,1007,2024-09-27,130.65
2017,Interest Targeting,1007,2024-09-28,161.1
2017,Interest Targeting,1007,2024-09-29,41.15
2017,Interest Targeting,1007,2024-09-30,43.46
2017,Interest Targeting,1007,2024-10-01,168.95
2017,Interest Targeting,1007,2024-10-03,136.86
2017,Interest Targeting,1007,2024-10-04,86.67
2017,Interest Targeting,1007,2024-10-05,115.37
2017,Interest Targeting,1007,2024-10-06,164.41
2017,Interest Targeting,1007,2024-10-07,88.62
2017,Interest Targeting,1007,2024-10-08,153.45
2017,Interest Targeting,1007,2024-10-09,145.41
2017,Interest Targeting,1007,2024-10-10,44.1
2017,Interest Targeting,1007,2024-10-11,61.85
2017,Interest Targeting,1007,2024-10-13,177.82
2017,Interest Targeting,1007,2024-10-14,54.02
2017,Interest Targeting,1007,2024-10-15,162.1
2017,Interest Targeting,1007,2024-10-16,41.21
2017,Interest Targeting,1007,2024-10-17,137.82
2017,Interest Targeting,1007,2024-10-18,76.86
2017,Interest Targeting,1007,2024-10-19,47.86
2017,Interest Targeting,1007,2024-10-20,65.65
2017,Interest Targeting,1007,2024-10-22,85.82
2017,Interest Targeting,1007,2024-10-23,142.51
2017,Interest Targeting,1007,2024-10-24,94.38
2017,Interest Targeting,1007,2024-10-25,106.84
2017,Interest Targeting,1007,2024-10-26,119.88
2017,Interest Targeting,1007,2024-10-27,75.2
2017,Interest Targeting,1007,2024-10-28,146.99
2017,Interest Targeting,1007,2024-10-29,173.9
2017,Interest Targeting,1007,2024-10-30,154.61
2018,Lookalike Audience,1007,2024-09-01,145.88
2018,Lookalike Audience,1007,2024-09-02,58.6
2018,Lookalike Audience,1007,2024-09-03,80.92
2018,Lookalike Audience,1007,2024-09-04,145.47
2018,Lookalike Audience,1007,2024-09-05,48.93
2018,Lookalike Audience,1007,2024-09-07,36.4
2018,Lookalike Audience,1007,2024-09-08,186.66
2018,Lookalike Audience,1007,2024-09-09,31.53
2018,Lookalike Audience,1007,2024-09-10,34.41
2018,Lookalike Audience,1007,2024-09-11,89.18
2018,Lookalike Audience,1007,2024-09-13,113.78
2018,Lookalike Audience,1007,2024-09-14,127.55
2018,Lookalike Audience,1007,2024-09-17,99.01
2018,Lookalike Audience,1007,2024-09-18,138.24
2018,Lookalike Audience,1007,2024-09-20,26.05
2018,Lookalike Audience,1007,2024-09-21,112.85
2018,Lookalike Audience,1007,2024-09-22,50.51
2018,Lookalike Audience,1007,2024-09-23,63.07
2018,Lookalike Audience,1007,2024-09-24,48.34
2018,Lookalike Audience,1007,2024-09-26,83.56
2018,Lookalike Audience,1007,2024-09-27,125.49
2018,Lookalike Audience,1007,2024-09-28,152.65
2018,Lookalike Audience,1007,2024-09-29,36.23
2018,Lookalike Audience,1007,2024-09-30,169.36
2018,Lookalike Audience,1007,2024-10-02,193.39
2018,Lookalike Audience,1007,2024-10-03,129.15
2018,Lookalike Audience,1007,2024-10-04,187.35
2018,Lookalike Audience,1007,2024-10-05,67.0
2018,Lookalike Audience,1007,2024-10-06,39.16
2018,Lookalike Audience,1007,2024-10-07,72.97
2018,Lookalike Audience,1007,2024-10-13,144.95
2018,Lookalike Audience,1007,2024-10-15,158.59
2018,Lookalike Audience,1007,2024-10-16,193.02
2018,Lookalike Audience,1007,2024-10-17,102.93
2018,Lookalike Audience,1007,2024-10-18,24.92
2018,Lookalike Audience,1007,2024-10-19,32.16
2018,Lookalike Audience,1007,2024-10-20,198.96
2018,Lookalike Audience,1007,2024-10-21,61.39
2018,Lookalike Audience,1007,2024-10-22,191.98
2018,Lookalike Audience,1007,2024-10-23,21.75
2018,Lookalike Audience,1007,2024-10-25,36.74
2018,Lookalike Audience,1007,2024-10-26,167.79
2018,Lookalike Audience,1007,2024-10-27,187.65
2018,Lookalike Audience,1007,2024-10-28,83.64
2018,Lookalike Audience,1007,2024-10-30,190.48
2019,Retargeting,1007,2024-09-01,183.79
2019,Retargeting,1007,2024-09-02,55.94
2019,Retargeting,1007,2024-09-03,177.09
2019,Retargeting,1007,2024-09-04,56.5
2019,Retargeting,1007,2024-09-05,131.35
2019,Retargeting,1007,2024-09-06,39.2
2019,Retargeting,1007,2024-09-08,139.42
2019,Retargeting,1007,2024-09-09,157.56
2019,Retargeting,1007,2024-09-10,27.61
2019,Retargeting,1007,2024-09-11,131.72
2019,Retargeting,1007,2024-09-12,197.37
2019,Retargeting,1007,2024-09-15,197.19
2019,Retargeting,1007,2024-09-17,59.98
2019,Retargeting,1007,2024-09-18,29.75
2019,Retargeting,1007,2024-09-19,106.1
2019,Retargeting,1007,2024-09-20,110.45
2019,Retargeting,1007,2024-09-21,143.54
2019,Retargeting,1007,2024-09-22,195.77
2019,Retargeting,1007,2024-09-23,102.81
2019,Retargeting,1007,2024-09-24,22.13
2019,Retargeting,1007,2024-09-25,124.58
2019,Retargeting,1007,2024-09-26,130.3
2019,Retargeting,1007,2024-09-27,118.74
2019,Retargeting,1007,2024-09-28,104.84
2019,Retargeting,1007,2024-09-29,85.87
2019,Retargeting,1007,2024-09-30,57.9
2019,Retargeting,1007,2024-10-01,87.02
2019,Retargeting,1007,2024-10-03,52.38
2019,Retargeting,1007,2024-10-04,123.66
2019,Retargeting,1007,2024-10-05,37.98
2019,Retargeting,1007,2024-10-06,62.44
2019,Retargeting,1007,2024-10-07,88.56
2019,Retargeting,1007,2024-10-08,192.65
2019,Retargeting,1007,2024-10-09,165.02
2019,Retargeting,1007,2024-10-10,109.93
2019,Retargeting,1007,2024-10-13,149.7
2019,Retargeting,1007,2024-10-14,74.01
2019,Retargeting,1007,2024-10-15,122.21
2019,Retargeting,1007,2024-10-16,144.3
2019,Retargeting,1007,2024-10-17,166.49
2019,Retargeting,1007,2024-10-18,133.38
2019,Retargeting,1007,2024-10-19,80.24
2019,Retargeting,1007,2024-10-20,120.86
2019,Retargeting,1007,2024-10-22,23.57
2019,Retargeting,1007,2024-10-23,176.13
2019,Retargeting,1007,2024-10-25,123.66
2019,Retargeting,1007,2024-10-26,51.42
2019,Retargeting,1007,2024-10-27,83.92
2019,Retargeting,1007,2024-10-28,107.75
2019,Retargeting,1007,2024-10-29,180.13
2019,Retargeting,1007,2024-10-30,71.57
2020,Interest Targeting,1008,2024-09-02,187.14
2020,Interest Targeting,1008,2024-09-03,130.22
2020,Interest Targeting,1008,2024-09-04,183.27
2020,Interest Targeting,1008,2024-09-05,81.85
2020,Interest Targeting,1008,2024-09-06,137.54
2020,Interest Targeting,1008,2024-09-07,128.97
2020,Interest Targeting,1008,2024-09-08,179.78
2020,Interest Targeting,1008,2024-09-09,188.98
2020,Interest Targeting,1008,2024-09-10,113.77
2020,Interest Targeting,1008,2024-09-11,50.12
2020,Interest Targeting,1008,2024-09-13,62.23
2020,Interest Targeting,1008,2024-09-14,153.9
2020,Interest Targeting,1008,2024-09-15,57.9
2020,Interest Targeting,1008,2024-09-16,37.2
2020,Interest Targeting,1008,2024-09-18,29.69
2020,Interest Targeting,1008,2024-09-19,114.32
2020,Interest Targeting,1008,2024-09-21,131.26
2020,Interest Targeting,1008,2024-09-22,187.69
2020,Interest Targeting,1008,2024-09-23,61.28
2020,Interest Targeting,1008,2024-09-24,99.77
2020,Interest Targeting,1008,2024-09-25,114.81
2020,Interest Targeting,1008,2024-09-26,26.33
2020,Interest Targeting,1008,2024-09-27,184.75
2020,Interest Targeting,1008,2024-09-29,176.76
2020,Interest Targeting,1008,2024-10-01,44.32
2020,Interest Targeting,1008,2024-10-03,126.35
2020,Interest Targeting,1008,2024-10-04,154.8
2020,Interest Targeting,1008,2024-10-06,135.16
2020,Interest Targeting,1008,2024-10-07,183.61
2020,Interest Targeting,1008,2024-10-08,60.88
2020,Interest Targeting,1008,2024-10-09,75.42
2020,Interest Targeting,1008,2024-10-10,48.03
2020,Interest Targeting,1008,2024-10-11,114.2
2020,Interest Targeting,1008,2024-10-12,44.53
2020,Interest Targeting,1008,2024-10-13,116.32
2020,Interest Targeting,1008,2024-10-14,108.55
2020,Interest Targeting,1008,2024-10-15,73.93
2020,Interest Targeting,1008,2024-10-16,163.63
2020,Interest Targeting,1008,2024-10-17,163.42
2020,Interest Targeting,1008,2024-10-18,53.94
2020,Interest Targeting,1008,2024-10-20,64.98
2020,Interest Targeting,1008,2024-10-21,136.28
2020,Interest Targeting,1008,2024-10-23,34.26
2020,Interest Targeting,1008,2024-10-24,112.99
2020,Interest Targeting,1008,2024-10-25,130.38
2020,Interest Targeting,1008,2024-10-26,68.94
2020,Interest Targeting,1008,2024-10-27,115.75
2020,Interest Targeting,1008,2024-10-28,53.84
2020,Interest Targeting,1008,2024-10-29,44.59
2020,Interest Targeting,1008,2024-10-30,101.96
2021,Lookalike Audience,1008,2024-09-01,146.09
2021,Lookalike Audience,1008,2024-09-02,77.72
2021,Lookalike Audience,1008,2024-09-03,194.55
2021,Lookalike Audience,1008,2024-09-04,195.02
2021,Lookalike Audience,1008,2024-09-05,42.51
2021,Lookalike Audience,1008,2024-09-06,21.48
2021,Lookalike Audience,1008,2024-09-07,22.65
2021,Lookalike Audience,1008,2024-09-08,95.64
2021,Lookalike Audience,1008,2024-09-09,109.71
2021,Lookalike Audience,1008,2024-09-10,145.45
2021,Lookalike Audience,1008,2024-09-11,34.44
2021,Lookalike Audience,1008,2024-09-12,46.3
2021,Lookalike Audience,1008,2024-09-13,90.64
2021,Lookalike Audience,1008,2024-09-14,52.69
2021,Lookalike Audience,1008,2024-09-16,88.68
2021,Lookalike Audience,1008,2024-09-17,195.43
2021,Lookalike Audience,1008,2024-09-18,89.26
2021,Lookalike Audience,1008,2024-09-20,199.02
2021,Lookalike Audience,1008,2024-09-21,152.36
2021,Lookalike Audience,1008,2024-09-22,139.88
2021,Lookalike Audience,1008,2024-09-23,90.04
2021,Lookalike Audience,1008,2024-09-26,151.08
2021,Lookalike Audience,1008,2024-09-27,118.92
2021,Lookalike Audience,1008,2024-09-28,106.62
2021,Lookalike Audience,1008,2024-09-29,84.88
2021,Lookalike Audience,1008,2024-09-30,140.01
2021,Lookalike Audience,1008,2024-10-02,98.15
2021,Lookalike Audience,1008,2024-10-03,162.99
2021,Lookalike Audience,1008,2024-10-04,91.25
2021,Lookalike Audience,1008,2024-10-05,194.39
2021,Lookalike Audience,1008,2024-10-06,144.34
2021,Lookalike Audience,1008,2024-10-07,47.9
2021,Lookalike Audience,1008,2024-10-08,64.77
2021,Lookalike Audience,1008,2024-10-09,143.47
2021,Lookalike Audience,1008,2024-10-10,194.54
2021,Lookalike Audience,1008,2024-10-11,30.81
2021,Lookalike Audience,1008,2024-10-12,47.71
2021,Lookalike Audience,1008,2024-10-13,39.33
2021,Lookalike Audience,1008,2024-10-14,77.01
2021,Lookalike Audience,1008,2024-10-15,136.04
2021,Lookalike Audience,1008,2024-10-16,180.52
2021,Lookalike Audience,1008,2024-10-17,23.84
2021,Lookalike Audience,1008,2024-10-18,150.39
2021,Lookalike Audience,1008,2024-10-19,27.11
2021,Lookalike Audience,1008,2024-10-20,120.62
2021,Lookalike Audience,1008,2024-10-21,108.22
2021,Lookalike Audience,1008,2024-10-22,117.85
2021,Lookalike Audience,1008,2024-10-23,104.31
2021,Lookalike Audience,1008,2024-10-25,174.9
2021,Lookalike Audience,1008,2024-10-26,115.6
2021,Lookalike Audience,1008,2024-10-27,167.5
2021,Lookalike Audience,1008,2024-10-28,101.73
2021,Lookalike Audience,1008,2024-10-29,111.07
2021,Lookalike Audience,1008,2024-10-30,178.93
2022,Interest Targeting,1009,2024-09-01,62.98
2022,Interest Targeting,1009,2024-09-02,138.49
2022,Interest Targeting,1009,2024-09-03,89.75
2022,Interest Targeting,1009,2024-09-04,109.56
2022,Interest Targeting,1009,2024-09-05,130.35
2022,Interest Targeting,1009,2024-09-06,135.36
2022,Interest Targeting,1009,2024-09-07,114.18
2022,Interest Targeting,1009,2024-09-08,170.33
2022,Interest Targeting,1009,2024-09-09,177.23
2022,Interest Targeting,1009,2024-09-10,107.37
2022,Interest Targeting,1009,2024-09-11,122.78
2022,Interest Targeting,1009,2024-09-13,114.65
2022,Interest Targeting,1009,2024-09-14,66.07
2022,Interest Targeting,1009,2024-09-15,129.07
2022,Interest Targeting,1009,2024-09-16,187.44
2022,Interest Targeting,1009,2024-09-17,108.45
2022,Interest Targeting,1009,2024-09-19,164.18
2022,Interest Targeting,1009,2024-09-20,120.44
2022,Interest Targeting,1009,2024-09-22,86.43
2022,Interest Targeting,1009,2024-09-23,168.26
2022,Interest Targeting,1009,2024-09-24,27.32
2022,Interest Targeting,1009,2024-09-25,74.7
2022,Interest Targeting,1009,2024-09-28,150.53
2022,Interest Targeting,1009,2024-09-29,54.1
2022,Interest Targeting,1009,2024-09-30,64.78
2022,Interest Targeting,1009,2024-10-01,52.2
2022,Interest Targeting,1009,2024-10-02,94.73
2022,Interest Targeting,1009,2024-10-03,134.95
2022,Interest Targeting,1009,2024-10-04,102.57
2022,Interest Targeting,1009,2024-10-05,178.91
2022,Interest Targeting,1009,2024-10-06,52.47
2022,Interest Targeting,1009,2024-10-07,80.75
2022,Interest Targeting,1009,2024-10-08,199.72
2022,Interest Targeting,1009,2024-10-09,83.42
2022,Interest Targeting,1009,2024-10-10,198.46
2022,Interest Targeting,1009,2024-10-11,86.91
2022,Interest Targeting,1009,2024-10-12,97.51
2022,Interest Targeting,1009,2024-10-13,129.51
2022,Interest Targeting,1009,2024-10-14,58.51
2022,Interest Targeting,1009,2024-10-15,186.71
2022,Interest Targeting,1009,2024-10-16,193.1
2022,Interest Targeting,1009,2024-10-17,91.48
2022,Interest Targeting,1009,2024-10-18,196.93
2022,Interest Targeting,1009,2024-10-19,113.17
2022,Interest Targeting,1009,2024-10-21,74.06
2022,Interest Targeting,1009,2024-10-22,174.03
2022,Interest Targeting,1009,2024-10-23,167.95
2022,Interest Targeting,1009,2024-10-24,69.67
2022,Interest Targeting,1009,2024-10-25,120.14
2022,Interest Targeting,1009,2024-10-27,26.79
2022,Interest Targeting,1009,2024-10-28,44.91
2022,Interest Targeting,1009,2024-10-29,124.79
2022,Interest Targeting,1009,2024-10-30,165.99
2023,Lookalike Audience,1009,2024-09-01,91.96
2023,Lookalike Audience,1009,2024-09-03,150.24
2023,Lookalike Audience,1009,2024-09-04,51.12
2023,Lookalike Audience,1009,2024-09-06,123.72
2023,Lookalike Audience,1009,2024-09-08,74.07
2023,Lookalike Audience,1009,2024-09-09,123.73
2023,Lookalike Audience,1009,2024-09-10,30.07
2023,Lookalike Audience,1009,2024-09-11,82.63
2023,Lookalike Audience,1009,2024-09-13,176.21
2023,Lookalike Audience,1009,2024-09-15,137.5
2023,Lookalike Audience,1009,2024-09-16,22.06
2023,Lookalike Audience,1009,2024-09-17,88.85
2023,Lookalike Audience,1009,2024-09-18,27.41
2023,Lookalike Audience,1009,2024-09-19,46.92
2023,Lookalike Audience,1009,2024-09-20,59.74
2023,Lookalike Audience,1009,2024-09-21,151.68
2023,Lookalike Audience,1009,2024-09-22,100.21
2023,Lookalike Audience,1009,2024-09-23,110.85
2023,Lookalike Audience,1009,2024-09-24,72.16
2023,Lookalike Audience,1009,2024-09-25,43.79
2023,Lookalike Audience,1009,2024-09-26,122.86
2023,Lookalike Audience,1009,2024-09-27,91.85
2023,Lookalike Audience,1009,2024-09-28,110.33
2023,Lookalike Audience,1009,2024-09-29,43.47
2023,Lookalike Audience,1009,2024-09-30,120.67
2023,Lookalike Audience,1009,2024-10-01,137.4
2023,Lookalike Audience,1009,2024-10-02,130.88
2023,Lookalike Audience,1009,2024-10-03,64.32
2023,Lookalike Audience,1009,2024-10-04,159.82
2023,Lookalike Audience,1009,2024-10-05,186.34
2023,Lookalike Audience,1009,2024-10-06,140.91
2023,Lookalike Audience,1009,2024-10-07,82.7
2023,Lookalike Audience,1009,2024-10-08,126.9
2023,Lookalike Audience,1009,2024-10-09,74.87
2023,Lookalike Audience,1009,2024-10-11,198.23
2023,Lookalike Audience,1009,2024-10-12,46.25
2023,Lookalike Audience,1009,2024-10-13,167.27
2023,Lookalike Audience,1009,2024-10-14,87.29
2023,Lookalike Audience,1009,2024-10-15,173.5
2023,Lookalike Audience,1009,2024-10-16,29.82
2023,Lookalike Audience,1009,2024-10-21,144.88
2023,Lookalike Audience,1009,2024-10-22,101.01
2023,Lookalike Audience,1009,2024-10-23,57.62
2023,Lookalike Audience,1009,2024-10-24,56.68
2023,Lookalike Audience,1009,2024-10-25,66.56
2023,Lookalike Audience,1009,2024-10-26,151.39
2023,Lookalike Audience,1009,2024-10-27,145.78
2023,Lookalike Audience,1009,2024-10-28,124.94
2023,Lookalike Audience,1009,2024-10-29,27.83
2023,Lookalike Audience,1009,2024-10-30,71.12
2024,Retargeting,1009,2024-09-01,131.23
2024,Retargeting,1009,2024-09-02,137.86
2024,Retargeting,1009,2024-09-03,89.96
2024,Retargeting,1009,2024-09-04,173.37
2024,Retargeting,1009,2024-09-05,175.57
2024,Retargeting,1009,2024-09-06,176.13
2024,Retargeting,1009,2024-09-07,61.61
2024,Retargeting,1009,2024-09-08,195.79
2024,Retargeting,1009,2024-09-09,76.78
2024,Retargeting,1009,2024-09-11,53.56
2024,Retargeting,1009,2024-09-12,102.44
2024,Retargeting,1009,2024-09-14,64.53
2024,Retargeting,1009,2024-09-15,80.04
2024,Retargeting,1009,2024-09-16,48.26
2024,Retargeting,1009,2024-09-17,83.34
2024,Retargeting,1009,2024-09-18,62.52
2024,Retargeting,1009,2024-09-20,166.14
2024,Retargeting,1009,2024-09-21,178.16
2024,Retargeting,1009,2024-09-24,119.89
2024,Retargeting,1009,2024-09-25,47.31
2024,Retargeting,1009,2024-09-27,35.8
2024,Retargeting,1009,2024-09-28,192.91
2024,Retargeting,1009,2024-09-29,132.59
2024,Retargeting,1009,2024-09-30,63.26
2024,Retargeting,1009,2024-10-01,194.7
2024,Retargeting,1009,2024-10-03,117.6
2024,Retargeting,1009,2024-10-04,44.94
2024,Retargeting,1009,2024-10-05,164.02
2024,Retargeting,1009,2024-10-07,146.92
2024,Retargeting,1009,2024-10-08,44.35
2024,Retargeting,1009,2024-10-11,187.95
2024,Retargeting,1009,2024-10-13,120.32
2024,Retargeting,1009,2024-10-15,77.17
2024,Retargeting,1009,2024-10-17,157.78
2024,Retargeting,1009,2024-10-19,94.03
2024,Retargeting,1009,2024-10-20,188.08
2024,Retargeting,1009,2024-10-23,160.24
2024,Retargeting,1009,2024-10-24,53.25
2024,Retargeting,1009,2024-10-25,130.16
2024,Retargeting,1009,2024-10-26,122.07
2024,Retargeting,1009,2024-10-27,61.79
2024,Retargeting,1009,2024-10-28,84.67
2024,Retargeting,1009,2024-10-29,105.79
2024,Retargeting,1009,2024-10-30,128.85
2025,Interest Targeting,1010,2024-09-01,89.74
2025,Interest Targeting,1010,2024-09-02,49.48
2025,Interest Targeting,1010,2024-09-03,93.55
2025,Interest Targeting,1010,2024-09-07,140.84
2025,Interest Targeting,1010,2024-09-08,56.82
2025,Interest Targeting,1010,2024-09-09,191.85
2025,Interest Targeting,1010,2024-09-10,131.07
2025,Interest Targeting,1010,2024-09-11,176.02
2025,Interest Targeting,1010,2024-09-13,159.72
2025,Interest Targeting,1010,2024-09-14,168.38
2025,Interest Targeting,1010,2024-09-15,90.95
2025,Interest Targeting,1010,2024-09-17,116.51
2025,Interest Targeting,1010,2024-09-18,146.74
2025,Interest Targeting,1010,2024-09-19,39.68
2025,Interest Targeting,1010,2024-09-20,178.0
2025,Interest Targeting,1010,2024-09-22,116.82
2025,Interest Targeting,1010,2024-09-24,89.73
2025,Interest Targeting,1010,2024-09-25,193.27
2025,Interest Targeting,1010,2024-09-26,99.12
2025,Interest Targeting,1010,2024-09-28,71.46
2025,Interest Targeting,1010,2024-09-29,73.0
2025,Interest Targeting,1010,2024-10-01,182.66
2025,Interest Targeting,1010,2024-10-02,136.3
2025,Interest Targeting,1010,2024-10-03,110.12
2025,Interest Targeting,1010,2024-10-04,125.38
2025,Interest Targeting,1010,2024-10-06,90.75
2025,Interest Targeting,1010,2024-10-07,24.48
2025,Interest Targeting,1010,2024-10-08,181.39
2025,Interest Targeting,1010,2024-10-11,78.33
2025,Interest Targeting,1010,2024-10-12,148.06
2025,Interest Targeting,1010,2024-10-13,151.99
2025,Interest Targeting,1010,2024-10-14,147.12
2025,Interest Targeting,1010,2024-10-15,35.36
2025,Interest Targeting,1010,2024-10-16,150.84
2025,Interest Targeting,1010,2024-10-18,48.78
2025,Interest Targeting,1010,2024-10-19,27.9
2025,Interest Targeting,1010,2024-10-20,80.33
2025,Interest Targeting,1010,2024-10-23,46.03
2025,Interest Targeting,1010,2024-10-24,29.24
2025,Interest Targeting,1010,2024-10-25,151.43
2025,Interest Targeting,1010,2024-10-27,52.53
2025,Interest Targeting,1010,2024-10-30,157.77
2026,Lookalike Audience,1010,2024-09-01,109.57
2026,Lookalike Audience,1010,2024-09-02,165.34
2026,Lookalike Audience,1010,2024-09-03,108.82
2026,Lookalike Audience,1010,2024-09-04,138.7
2026,Lookalike Audience,1010,2024-09-05,99.54
2026,Lookalike Audience,1010,2024-09-06,21.18
2026,Lookalike Audience,1010,2024-09-08,133.15
2026,Lookalike Audience,1010,2024-09-10,53.27
2026,Lookalike Audience,1010,2024-09-11,82.82
2026,Lookalike Audience,1010,2024-09-12,25.84
2026,Lookalike Audience,1010,2024-09-13,128.59
2026,Lookalike Audience,1010,2024-09-14,35.79
2026,Lookalike Audience,1010,2024-09-15,198.87
2026,Lookalike Audience,1010,2024-09-16,71.19
2026,Lookalike Audience,1010,2024-09-17,145.97
2026,Lookalike Audience,1010,2024-09-18,121.19
2026,Lookalike Audience,1010,2024-09-20,84.83
2026,Lookalike Audience,1010,2024-09-21,158.33
2026,Lookalike Audience,1010,2024-09-22,181.56
2026,Lookalike Audience,1010,2024-09-24,171.8
2026,Lookalike Audience,1010,2024-09-25,104.75
2026,Lookalike Audience,1010,2024-09-26,174.69
2026,Lookalike Audience,1010,2024-09-27,94.48
2026,Lookalike Audience,1010,2024-09-28,57.63
2026,Lookalike Audience,1010,2024-09-29,122.85
2026,Lookalike Audience,1010,2024-10-01,35.78
2026,Lookalike Audience,1010,2024-10-02,128.86
2026,Lookalike Audience,1010,2024-10-03,147.23
2026,Lookalike Audience,1010,2024-10-04,172.6
2026,Lookalike Audience,1010,2024-10-05,123.53
2026,Lookalike Audience,1010,2024-10-06,186.88
2026,Lookalike Audience,1010,2024-10-07,109.35
2026,Lookalike Audience,1010,2024-10-08,109.59
2026,Lookalike Audience,1010,2024-10-11,72.29
2026,Lookalike Audience,1010,2024-10-12,41.28
2026,Lookalike Audience,1010,2024-10-13,163.41
2026,Lookalike Audience,1010,2024-10-14,57.32
2026,Lookalike Audience,1010,2024-10-15,94.63
2026,Lookalike Audience,1010,2024-10-16,82.94
2026,Lookalike Audience,1010,2024-10-18,135.31
2026,Lookalike Audience,1010,2024-10-19,65.8
2026,Lookalike Audience,1010,2024-10-20,74.05
2026,Lookalike Audience,1010,2024-10-21,158.07
2026,Lookalike Audience,1010,2024-10-22,79.99
2026,Lookalike Audience,1010,2024-10-23,122.41
2026,Lookalike Audience,1010,2024-10-26,170.09
2026,Lookalike Audience,1010,2024-10-28,105.41
2026,Lookalike Audience,1010,2024-10-29,44.44
2026,Lookalike Audience,1010,2024-10-30,102.91
2027,Retargeting,1010,2024-09-03,166.55
2027,Retargeting,1010,2024-09-05,113.79
2027,Retargeting,1010,2024-09-06,142.08
2027,Retargeting,1010,2024-09-07,23.37
2027,Retargeting,1010,2024-09-08,79.71
2027,Retargeting,1010,2024-09-10,31.92
2027,Retargeting,1010,2024-09-11,171.33
2027,Retargeting,1010,2024-09-12,87.54
2027,Retargeting,1010,2024-09-13,49.87
2027,Retargeting,1010,2024-09-14,53.73
2027,Retargeting,1010,2024-09-15,160.82
2027,Retargeting,1010,2024-09-16,174.41
2027,Retargeting,1010,2024-09-17,68.87
2027,Retargeting,1010,2024-09-18,177.87
2027,Retargeting,1010,2024-09-19,169.3
2027,Retargeting,1010,2024-09-20,114.52
2027,Retargeting,1010,2024-09-21,87.36
2027,Retargeting,1010,2024-09-22,56.38
2027,Retargeting,1010,2024-09-23,111.08
2027,Retargeting,1010,2024-09-24,182.89
2027,Retargeting,1010,2024-09-25,81.22
2027,Retargeting,1010,2024-09-26,177.3
2027,Retargeting,1010,2024-09-27,78.92
2027,Retargeting,1010,2024-09-28,37.69
2027,Retargeting,1010,2024-09-30,198.69
2027,Retargeting,1010,2024-10-01,26.58
2027,Retargeting,1010,2024-10-02,175.67
2027,Retargeting,1010,2024-10-03,75.98
2027,Retargeting,1010,2024-10-04,172.66
2027,Retargeting,1010,2024-10-06,180.05
2027,Retargeting,1010,2024-10-07,157.91
2027,Retargeting,1010,2024-10-08,24.05
2027,Retargeting,1010,2024-10-09,134.99
2027,Retargeting,1010,2024-10-10,56.1
2027,Retargeting,1010,2024-10-11,115.81
2027,Retargeting,1010,2024-10-12,140.8
2027,Retargeting,1010,2024-10-13,48.35
2027,Retargeting,1010,2024-10-14,192.49
2027,Retargeting,1010,2024-10-15,38.43
2027,Retargeting,1010,2024-10-16,118.89
2027,Retargeting,1010,2024-10-17,189.79
2027,Retargeting,1010,2024-10-19,50.83
2027,Retargeting,1010,2024-10-20,180.6
2027,Retargeting,1010,2024-10-21,29.13
2027,Retargeting,1010,2024-10-22,182.59
2027,Retargeting,1010,2024-10-23,89.05
2027,Retargeting,1010,2024-10-24,90.55
2027,Retargeting,1010,2024-10-25,180.43
2027,Retargeting,1010,2024-10-26,144.22
2027,Retargeting,1010,2024-10-27,84.01
2027,Retargeting,1010,2024-10-28,55.67
2027,Retargeting,1010,2024-10-29,165.67
2027,Retargeting,1010,2024-10-30,186.1
2028,Interest Targeting,1011,2024-09-01,36.72
2028,Interest Targeting,1011,2024-09-03,37.51
2028,Interest Targeting,1011,2024-09-04,136.0
2028,Interest Targeting,1011,2024-09-05,104.7
2028,Interest Targeting,1011,2024-09-07,181.23
2028,Interest Targeting,1011,2024-09-08,85.42
2028,Interest Targeting,1011,2024-09-09,185.11
2028,Interest Targeting,1011,2024-09-10,174.94
2028,Interest Targeting,1011,2024-09-11,107.75
2028,Interest Targeting,1011,2024-09-12,40.32
2028,Interest Targeting,1011,2024-09-13,172.24
2028,Interest Targeting,1011,2024-09-14,82.75
2028,Interest Targeting,1011,2024-09-15,111.43
2028,Interest Targeting,1011,2024-09-16,148.57
2028,Interest Targeting,1011,2024-09-17,120.11
2028,Interest Targeting,1011,2024-09-18,74.38
2028,Interest Targeting,1011,2024-09-19,126.3
2028,Interest Targeting,1011,2024-09-20,63.86
2028,Interest Targeting,1011,2024-09-21,106.83
2028,Interest Targeting,1011,2024-09-22,57.48
2028,Interest Targeting,1011,2024-09-23,97.61
2028,Interest Targeting,1011,2024-09-25,81.6
2028,Interest Targeting,1011,2024-09-26,51.16
2028,Interest Targeting,1011,2024-09-27,153.09
2028,Interest Targeting,1011,2024-09-28,170.61
2028,Interest Targeting,1011,2024-09-29,127.29
2028,Interest Targeting,1011,2024-09-30,37.58
2028,Interest Targeting,1011,2024-10-01,75.45
2028,Interest Targeting,1011,2024-10-02,127.69
2028,Interest Targeting,1011,2024-10-03,127.35
2028,Interest Targeting,1011,2024-10-05,136.1
2028,Interest Targeting,1011,2024-10-06,59.17
2028,Interest Targeting,1011,2024-10-07,124.54
2028,Interest Targeting,1011,2024-10-08,165.77
2028,Interest Targeting,1011,2024-10-09,138.96
2028,Interest Targeting,1011,2024-10-10,72.47
2028,Interest Targeting,1011,2024-10-11,100.49
2028,Interest Targeting,1011,2024-10-12,177.94
2028,Interest Targeting,1011,2024-10-13,162.98
2028,Interest Targeting,1011,2024-10-14,185.33
2028,Interest Targeting,1011,2024-10-16,184.72
2028,Interest Targeting,1011,2024-10-18,130.07
2028,Interest Targeting,1011,2024-10-19,172.57
2028,Interest Targeting,1011,2024-10-21,182.19
2028,Interest Targeting,1011,2024-10-23,120.81
2028,Interest Targeting,1011,2024-10-25,70.8
2028,Interest Targeting,1011,2024-10-26,97.71
2028,Interest Targeting,1011,2024-10-27,132.54
2028,Interest Targeting,1011,2024-10-28,93.09
2028,Interest Targeting,1011,2024-10-29,58.02
2028,Interest Targeting,1011,2024-10-30,45.03
2029,Lookalike Audience,1011,2024-09-01,171.8
2029,Lookalike Audience,1011,2024-09-02,95.1
2029,Lookalike Audience,1011,2024-09-03,177.09
2029,Lookalike Audience,1011,2024-09-04,22.09
2029,Lookalike Audience,1011,2024-09-05,45.92
2029,Lookalike Audience,1011,2024-09-07,195.5
2029,Lookalike Audience,1011,2024-09-08,44.7
2029,Lookalike Audience,1011,2024-09-12,187.46
2029,Lookalike Audience,1011,2024-09-13,101.79
2029,Lookalike Audience,1011,2024-09-14,167.61
2029,Lookalike Audience,1011,2024-09-15,60.63
2029,Lookalike Audience,1011,2024-09-16,21.34
2029,Lookalike Audience,1011,2024-09-17,151.56
2029,Lookalike Audience,1011,2024-09-18,68.47
2029,Lookalike Audience,1011,2024-09-20,26.02
2029,Lookalike Audience,1011,2024-09-21,106.99
2029,Lookalike Audience,1011,2024-09-22,124.45
2029,Lookalike Audience,1011,2024-09-24,151.43
2029,Lookalike Audience,1011,2024-09-25,174.68
2029,Lookalike Audience,1011,2024-09-26,70.3
2029,Lookalike Audience,1011,2024-09-27,114.2
2029,Lookalike Audience,1011,2024-09-28,64.14
2029,Lookalike Audience,1011,2024-09-29,139.47
2029,Lookalike Audience,1011,2024-09-30,143.13
2029,Lookalike Audience,1011,2024-10-01,124.33
2029,Lookalike Audience,1011,2024-10-02,182.65
2029,Lookalike Audience,1011,2024-10-03,21.94
2029,Lookalike Audience,1011,2024-10-04,183.09
2029,Lookalike Audience,1011,2024-10-05,79.67
2029,Lookalike Audience,1011,2024-10-06,196.0
2029,Lookalike Audience,1011,2024-10-07,50.15
2029,Lookalike Audience,1011,2024-10-08,127.57
2029,Lookalike Audience,1011,2024-10-09,161.3
2029,Lookalike Audience,1011,2024-10-10,133.27
2029,Lookalike Audience,1011,2024-10-11,123.11
2029,Lookalike Audience,1011,2024-10-12,72.52
2029,Lookalike Audience,1011,2024-10-13,24.91
2029,Lookalike Audience,1011,2024-10-14,42.83
2029,Lookalike Audience,1011,2024-10-15,161.08
2029,Lookalike Audience,1011,2024-10-16,130.84
2029,Lookalike Audience,1011,2024-10-17,66.25
2029,Lookalike Audience,1011,2024-10-18,128.69
2029,Lookalike Audience,1011,2024-10-20,138.65
2029,Lookalike Audience,1011,2024-10-21,51.57
2029,Lookalike Audience,1011,2024-10-22,62.52
2029,Lookalike Audience,1011,2024-10-23,114.93
2029,Lookalike Audience,1011,2024-10-24,197.13
2029,Lookalike Audience,1011,2024-10-26,167.91
2029,Lookalike Audience,1011,2024-10-28,94.33
2029,Lookalike Audience,1011,2024-10-29,138.92
2029,Lookalike Audience,1011,2024-10-30,50.11
2030,Retargeting,1011,2024-09-01,171.53
2030,Retargeting,1011,2024-09-02,67.59
2030,Retargeting,1011,2024-09-04,103.52
2030,Retargeting,1011,2024-09-05,105.73
2030,Retargeting,1011,2024-09-08,143.03
2030,Retargeting,1011,2024-09-09,67.27
2030,Retargeting,1011,2024-09-10,98.25
2030,Retargeting,1011,2024-09-11,163.52
2030,Retargeting,1011,2024-09-12,76.82
2030,Retargeting,1011,2024-09-13,192.06
2030,Retargeting,1011,2024-09-14,115.63
2030,Retargeting,1011,2024-09-15,171.96
2030,Retargeting,1011,2024-09-16,137.37
2030,Retargeting,1011,2024-09-17,68.66
2030,Retargeting,1011,2024-09-19,125.15
2030,Retargeting,1011,2024-09-20,141.55
2030,Retargeting,1011,2024-09-21,140.94
2030,Retargeting,1011,2024-09-22,113.59
2030,Retargeting,1011,2024-09-23,198.78
2030,Retargeting,1011,2024-09-24,21.9
2030,Retargeting,1011,2024-09-25,32.23
2030,Retargeting,1011,2024-09-26,114.55
2030,Retargeting,1011,2024-09-27,83.27
2030,Retargeting,1011,2024-09-28,65.34
2030,Retargeting,1011,2024-09-29,131.49
2030,Retargeting,1011,2024-09-30,126.94
2030,Retargeting,1011,2024-10-02,127.89
2030,Retargeting,1011,2024-10-03,192.4
2030,Retargeting,1011,2024-10-04,128.84
2030,Retargeting,1011,2024-10-05,157.49
2030,Retargeting,1011,2024-10-06,164.58
2030,Retargeting,1011,2024-10-07,39.95
2030,Retargeting,1011,2024-10-08,73.02
2030,Retargeting,1011,2024-10-09,33.63
2030,Retargeting,1011,2024-10-10,199.14
2030,Retargeting,1011,2024-10-11,144.6
2030,Retargeting,1011,2024-10-12,158.62
2030,Retargeting,1011,2024-10-13,160.53
2030,Retargeting,1011,2024-10-14,31.23
2030,Retargeting,1011,2024-10-15,199.27
2030,Retargeting,1011,2024-10-16,166.3
2030,Retargeting,1011,2024-10-17,32.49
2030,Retargeting,1011,2024-10-19,90.67
2030,Retargeting,1011,2024-10-20,39.52
2030,Retargeting,1011,2024-10-21,97.63
2030,Retargeting,1011,2024-10-22,39.12
2030,Retargeting,1011,2024-10-23,66.62
2030,Retargeting,1011,2024-10-24,32.67
2030,Retargeting,1011,2024-10-25,159.9
2030,Retargeting,1011,2024-10-26,109.59
2030,Retargeting,1011,2024-10-27,20.16
2030,Retargeting,1011,2024-10-28,90.29
2030,Retargeting,1011,2024-10-29,79.37
2030,Retargeting,1011,2024-10-30,20.67
2031,Interest Targeting,1012,2024-09-01,92.7
2031,Interest Targeting,1012,2024-09-02,166.21
2031,Interest Targeting,1012,2024-09-03,60.65
2031,Interest Targeting,1012,2024-09-04,144.07
2031,Interest Targeting,1012,2024-09-05,41.82
2031,Interest Targeting,1012,2024-09-06,198.49
2031,Interest Targeting,1012,2024-09-07,74.51
2031,Interest Targeting,1012,2024-09-08,199.46
2031,Interest Targeting,1012,2024-09-09,85.76
2031,Interest Targeting,1012,2024-09-11,171.41
2031,Interest Targeting,1012,2024-09-12,72.19
2031,Interest Targeting,1012,2024-09-13,119.81
2031,Interest Targeting,1012,2024-09-15,73.8
2031,Interest Targeting,1012,2024-09-16,39.22
2031,Interest Targeting,1012,2024-09-17,107.57
2031,Interest Targeting,1012,2024-09-19,54.1
2031,Interest Targeting,1012,2024-09-20,24.57
2031,Interest Targeting,1012,2024-09-22,89.98
2031,Interest Targeting,1012,2024-09-23,135.81
2031,Interest Targeting,1012,2024-09-24,193.69
2031,Interest Targeting,1012,2024-09-27,81.07
2031,Interest Targeting,1012,2024-09-28,149.78
2031,Interest Targeting,1012,2024-09-29,58.1
2031,Interest Targeting,1012,2024-09-30,114.16
2031,Interest Targeting,1012,2024-10-03,153.39
2031,Interest Targeting,1012,2024-10-04,32.97
2031,Interest Targeting,1012,2024-10-05,108.0
2031,Interest Targeting,1012,2024-10-06,183.29
2031,Interest Targeting,1012,2024-10-07,63.68
2031,Interest Targeting,1012,2024-10-08,22.59
2031,Interest Targeting,1012,2024-10-09,182.84
2031,Interest Targeting,1012,2024-10-11,130.02
2031,Interest Targeting,1012,2024-10-13,167.14
2031,Interest Targeting,1012,2024-10-14,127.1
2031,Interest Targeting,1012,2024-10-15,31.36
2031,Interest Targeting,1012,2024-10-16,80.72
2031,Interest Targeting,1012,2024-10-18,92.36
2031,Interest Targeting,1012,2024-10-19,143.14
2031,Interest Targeting,1012,2024-10-20,77.89
2031,Interest Targeting,1012,2024-10-22,28.21
2031,Interest Targeting,1012,2024-10-23,31.38
2031,Interest Targeting,1012,2024-10-24,156.36
2031,Interest Targeting,1012,2024-10-25,86.59
2031,Interest Targeting,1012,2024-10-26,63.86
2031,Interest Targeting,1012,2024-10-27,44.01
2031,Interest Targeting,1012,2024-10-28,133.8
2031,Interest Targeting,1012,2024-10-29,48.4
2032,Lookalike Audience,1012,2024-09-01,21.3
2032,Lookalike Audience,1012,2024-09-03,126.87
2032,Lookalike Audience,1012,2024-09-04,144.83
2032,Lookalike Audience,1012,2024-09-05,105.68
2032,Lookalike Audience,1012,2024-09-06,45.76
2032,Lookalike Audience,1012,2024-09-07,101.08
2032,Lookalike Audience,1012,2024-09-08,51.42
2032,Lookalike Audience,1012,2024-09-09,127.33
2032,Lookalike Audience,1012,2024-09-10,130.17
2032,Lookalike Audience,1012,2024-09-11,168.77
2032,Lookalike Audience,1012,2024-09-12,95.38
2032,Lookalike Audience,1012,2024-09-13,54.54
2032,Lookalike Audience,1012,2024-09-16,175.29
2032,Lookalike Audience,1012,2024-09-18,103.56
2032,Lookalike Audience,1012,2024-09-19,57.46
2032,Lookalike Audience,1012,2024-09-20,40.28
2032,Lookalike Audience,1012,2024-09-21,171.88
2032,Lookalike Audience,1012,2024-09-23,48.76
2032,Lookalike Audience,1012,2024-09-25,85.55
2032,Lookalike Audience,1012,2024-09-26,65.25
2032,Lookalike Audience,1012,2024-09-27,180.21
2032,Lookalike Audience,1012,2024-09-28,38.8
2032,Lookalike Audience,1012,2024-09-29,116.72
2032,Lookalike Audience,1012,2024-09-30,25.23
2032,Lookalike Audience,1012,2024-10-01,32.75
2032,Lookalike Audience,1012,2024-10-02,100.07
2032,Lookalike Audience,1012,2024-10-03,95.43
2032,Lookalike Audience,1012,2024-10-04,181.71
2032,Lookalike Audience,1012,2024-10-05,39.82
2032,Lookalike Audience,1012,2024-10-06,62.68
2032,Lookalike Audience,1012,2024-10-07,55.99
2032,Lookalike Audience,1012,2024-10-09,125.32
2032,Lookalike Audience,1012,2024-10-10,98.46
2032,Lookalike Audience,1012,2024-10-11,129.7
2032,Lookalike Audience,1012,2024-10-12,87.23
2032,Lookalike Audience,1012,2024-10-13,54.95
2032,Lookalike Audience,1012,2024-10-14,68.55
2032,Lookalike Audience,1012,2024-10-15,25.78
2032,Lookalike Audience,1012,2024-10-16,70.51
2032,Lookalike Audience,1012,2024-10-17,103.8
2032,Lookalike Audience,1012,2024-10-18,156.86
2032,Lookalike Audience,1012,2024-10-19,73.13
2032,Lookalike Audience,1012,2024-10-20,163.02
2032,Lookalike Audience,1012,2024-10-23,119.5
2032,Lookalike Audience,1012,2024-10-24,94.11
2032,Lookalike Audience,1012,2024-10-25,175.2
2032,Lookalike Audience,1012,2024-10-26,105.23
2032,Lookalike Audience,1012,2024-10-27,22.61
2032,Lookalike Audience,1012,2024-10-28,177.07
2032,Lookalike Audience,1012,2024-10-29,98.16
2032,Lookalike Audience,1012,2024-10-30,186.95
2033,Retargeting,1012,2024-09-04,27.96
2033,Retargeting,1012,2024-09-06,110.76
2033,Retargeting,1012,2024-09-07,90.98
2033,Retargeting,1012,2024-09-09,37.64
2033,Retargeting,1012,2024-09-10,34.96
2033,Retargeting,1012,2024-09-11,144.77
2033,Retargeting,1012,2024-09-12,59.24
2033,Retargeting,1012,2024-09-13,63.03
2033,Retargeting,1012,2024-09-15,140.43
2033,Retargeting,1012,2024-09-16,102.67
2033,Retargeting,1012,2024-09-17,125.06
2033,Retargeting,1012,2024-09-19,44.95
2033,Retargeting,1012,2024-09-20,53.29
2033,Retargeting,1012,2024-09-22,146.7
2033,Retargeting,1012,2024-09-23,132.91
2033,Retargeting,1012,2024-09-24,144.34
2033,Retargeting,1012,2024-09-25,73.39
2033,Retargeting,1012,2024-09-26,145.65
2033,Retargeting,1012,2024-09-27,123.54
2033,Retargeting,1012,2024-09-28,143.24
2033,Retargeting,1012,2024-09-29,80.43
2033,Retargeting,1012,2024-10-01,183.8
2033,Retargeting,1012,2024-10-02,29.28
2033,Retargeting,1012,2024-10-03,103.76
2033,Retargeting,1012,2024-10-04,85.96
2033,Retargeting,1012,2024-10-05,146.88
2033,Retargeting,1012,2024-10-06,159.24
2033,Retargeting,1012,2024-10-07,80.29
2033,Retargeting,1012,2024-10-08,136.83
2033,Retargeting,1012,2024-10-09,155.41
2033,Retargeting,1012,2024-10-11,155.57
2033,Retargeting,1012,2024-10-12,77.68
2033,Retargeting,1012,2024-10-14,96.13
2033,Retargeting,1012,2024-10-15,87.11
2033,Retargeting,1012,2024-10-16,110.26
2033,Retargeting,1012,2024-10-18,115.74
2033,Retargeting,1012,2024-10-21,86.27
2033,Retargeting,1012,2024-10-22,144.78
2033,Retargeting,1012,2024-10-25,179.12
2033,Retargeting,1012,2024-10-26,90.32
2033,Retargeting,1012,2024-10-27,192.49
2033,Retargeting,1012,2024-10-28,49.66
2033,Retargeting,1012,2024-10-29,46.63
2033,Retargeting,1012,2024-10-30,56.77
